Parola,Frequenza
tom,793
huck,251
--,232
wissen,157
sehen,148
joe,135
lassen,130
junge,125
beginnen,115
the,107
mal,107
sagen,106
becky,101
denken,98
finden,95
alt,93
tante,90
gutenberg,88
project,88
halten,85
stehen,84
hand,83
hab,83
to,83
schließlich,81
augenblick,79
haus,78
plötzlich,78
of,78
or,77
sid,76
liegen,76
scheinen,75
nacht,73
tun,73
auge,72
kommen,71
herz,70
müssen,68
kopf,68
hören,64
sprechen,63
arm,63
bleiben,61
schrecklich,61
gesicht,60
fallen,60
polly,59
wort,57
fort,56
setzen,54
denk,54
tief,53
and,52
gedanke,52
kind,51
stimme,51
fühlen,51
halb,50
mann,49
versuchen,49
dorf,49
potter,48
weg,48
with,47
paar,47
tür,46
witwe,46
all,46
bißchen,45
letzter,45
erscheinen,45
zeigen,45
work,45
sitzen,44
o,44
herum,44
sag,44
ziehen,43
nehmen,43
suchen,43
weißen,43
fuß,42
thatcher,42
nächster,42
geben,42
höhle,42
legen,42
folgen,41
wasser,41
wär,41
stunde,41
warten,41
gott,40
schule,40
mädchen,39
this,39
geist,39
können,39
gewiß,38
herr,38
harper,38
leben,38
tot,38
mary,38
kapitel,37
voll,37
any,37
sache,37
buch,36
gehen,36
brechen,36
geld,36
gehören,35
schwach,35
laß,35
fahren,35
sofort,35
welt,34
schlagen,34
still,34
verlieren,34
bringen,33
glauben,33
werfen,33
dran,32
sollen,32
works,32
licht,32
machen,32
jung,31
ton,31
minute,31
stoßen,31
teufel,31
sicher,31
halt,31
not,30
bekommen,30
katze,30
frau,29
arbeit,29
lehrer,29
fragen,29
lang,29
heraus,29
ohr,29
schwer,29
nieder,28
dame,28
sawyer,28
gang,28
schön,28
treiben,28
leute,27
laufen,27
by,27
schatz,27
weile,27
knabe,27
traurig,27
fast,27
electronic,27
platz,27
springen,27
bett,26
seite,26
bursch,26
mund,26
you,26
träne,26
tragen,26
schweigen,26
meinen,26
huckleberry,26
dicht,26
menge,26
messer,26
treffen,26
name,26
for,26
flüstern,26
brauchen,25
fenster,25
blick,25
foundation,25
richter,25
baum,24
wald,24
gut,24
genau,24
gesellschaft,24
muff,24
rannen,24
rufen,24
zaun,23
glaub,23
gelegenheit,23
meile,23
spielen,23
stecken,23
sterben,23
höhe,23
vorsichtig,23
are,23
schlafen,23
abenteuer,23
luft,22
ding,22
merken,22
art,22
ort,22
niemals,22
traum,22
terms,22
woche,22
erfüllen,22
nochmals,22
vergessen,22
if,22
verlassen,22
schatten,22
grad,22
wenden,22
hoffnung,21
hervor,21
stelle,21
heben,21
erde,21
weinen,21
ling,21
treten,21
entdecken,21
weiß,20
bursche,20
allmählich,20
werden,20
befinden,20
land,20
kleid,20
copyright,20
kerl,20
einfach,20
verschwinden,20
ben,20
vorher,20
hoffen,19
stille,19
schnell,19
mensch,19
würd,19
kirche,19
erzählen,19
interesse,19
moment,19
zeichen,19
stolz,19
jim,19
vergnügen,18
gewöhnlich,18
hoch,18
feuer,18
schließen,18
angst,18
geschichte,18
töten,18
nummer,18
agreement,18
schreien,18
antwort,18
finger,18
rauchen,18
frühstück,18
entfernt,18
indessen,18
holen,18
stark,18
dunkel,18
dampfboot,17
stets,17
vergraben,17
unsinn,17
draußen,17
schauen,17
license,17
glänzend,17
boot,17
be,17
erheben,17
richten,17
boden,17
drauf,17
finn,17
toms,17
anderer,17
stellen,17
drücken,17
zuweilen,17
sobald,17
erreichen,17
do,17
hügel,16
helfen,16
geheimnis,16
stück,16
wundervoll,16
verlangen,16
ner,16
überall,16
erhalten,16
schwarz,16
schritt,16
walliser,16
schlaf,16
lustig,16
kummer,16
douglas,16
other,16
einzig,16
abend,16
weise,16
fluß,16
sinken,16
stöhnen,16
states,16
fing,16
lachen,16
from,16
fertig,16
glücklich,16
samstag,15
kennen,15
heiß,15
tag,15
beschließen,15
vollkommen,15
tasche,15
meister,15
tod,15
wind,15
träumen,15
donations,15
wanze,15
leise,15
he,15
freund,15
an,15
manchmal,15
united,15
geistliche,15
may,15
bitte,15
insel,15
hund,15
mädel,15
ruhe,15
mächtig,15
tier,15
ordentlich,14
nah,14
schwatzen,14
spanier,14
ruhig,14
schlich,14
that,14
erfolg,14
furcht,14
straße,14
hinein,14
beständig,14
trademark,14
betrachten,14
jeder,14
bank,14
räuber,14
fest,14
kurz,14
tüchtig,14
neu,14
kalt,14
fliegen,14
prügel,14
freude,14
graben,14
geh,14
unten,14
ereignis,14
aufgeben,14
obwohl,14
führen,14
sein,13
erinnern,13
öffnen,13
körper,13
hättst,13
ebook,13
held,13
rein,13
nachts,13
himmel,13
haar,13
at,13
predigt,13
erwischen,13
hinunt,13
use,13
verraten,13
blau,13
wagen,13
as,13
haufen,13
mußt,13
lust,13
völlig,13
besonderer,13
hinaus,13
einsam,13
versprechen,13
drüber,13
mitternacht,13
leiden,13
nennen,13
literary,13
gräßlich,13
schlimm,13
groß,13
diesmal,13
anstrengung,13
zahn,13
full,13
empfinden,13
dollar,12
meinst,12
weiße,12
mrs,12
kerze,12
vorwärts,12
entgegnen,12
einer,12
nahe,12
jemals,12
nähe,12
menschlich,12
stören,12
nötig,12
jeff,12
finsternis,12
aufmerksamkeit,12
doktor,12
amy,12
wahrhaftig,12
sogar,12
gleichgültig,12
copy,12
sonne,12
großartig,12
unheimlich,12
bloß,12
wünschen,12
verteidiger,12
rot,12
versuch,12
worauf,12
geheimnisvoll,12
lernen,12
schau,12
schreiben,12
laut,12
hierher,12
ecke,12
kehren,12
prügeln,12
bemerken,12
lesen,12
grab,11
hätt,11
allerhand,11
reihe,11
fisch,11
verstecken,11
bevor,11
regen,11
tuch,11
knie,11
leiben,11
gefühl,11
archive,11
schütteln,11
geschehen,11
furchtbar,11
bein,11
sehn,11
wand,11
heulen,11
spaß,11
bitten,11
indianer,11
vorbei,11
essen,11
zirkus,11
herrschen,11
schreck,11
längst,11
greifen,11
streichen,11
bild,11
mehrere,11
sonntag,11
gemein,11
schulter,11
fürchten,11
streng,11
raus,11
fern,11
zweifellos,11
thomas,11
atem,11
volk,11
zettel,11
steigen,11
dorfe,11
pirate,11
herunter,11
paragraph,11
glanz,11
nett,11
wahr,11
nase,11
kroch,11
wohin,11
miene,11
schrecken,11
lippe,11
gelten,10
klingen,10
kraft,10
wunder,10
ho,10
klar,10
pirat,10
hunger,10
beinhaus,10
frei,10
rücken,10
famos,10
bilden,10
bruder,10
hucky,10
schwimmen,10
mutter,10
leer,10
natur,10
laws,10
horchen,10
must,10
dauern,10
zitteren,10
vers,10
allgemein,10
packen,10
ä,10
wert,10
lüge,10
no,10
wollen,10
hindurch,10
can,10
kleinigkeit,10
inzwischen,10
versammlung,10
drehen,10
heißen,10
dunkelheit,10
access,10
stillschweigen,10
freundlich,10
nachmittag,10
fangen,10
jedesmal,10
arbeiten,10
richtung,10
blume,10
ufer,10
zweifel,10
hals,10
gefangener,10
erinnerung,10
blut,10
dumpf,10
gegenstand,10
bemerkung,10
wunsch,10
refund,10
stein,10
küssen,10
picknick,10
sandbank,10
pause,10
freitag,10
freuen,10
ernst,9
quälen,9
alte,9
lieben,9
kragen,9
erklären,9
bürger,9
zunge,9
mitleid,9
cardiff,9
we,9
elend,9
möcht,9
schaufel,9
untersuchen,9
pfeife,9
strom,9
your,9
ferne,9
mach,9
gering,9
gefahr,9
agree,9
wozu,9
reich,9
gelangen,9
beruhigen,9
möchen,9
sheriff,9
geschäft,9
fassen,9
geb,9
zustand,9
lager,9
information,9
hungrig,9
leicht,9
umgebung,9
kreuz,9
verdammen,9
schluchzen,9
klein,9
zeitlang,9
miller,9
verfolgen,9
schlüssel,9
hassen,9
werk,9
stimmen,9
krank,9
including,9
seele,9
langweilig,9
zimmer,9
jones,9
glück,9
kichern,9
offen,9
herrlich,9
kampf,9
blatt,9
scharf,9
brav,9
bewegung,9
hörbar,9
faul,9
bube,9
rasch,9
bibel,9
tu,9
form,9
einzeln,9
sonntagsschule,9
vater,8
langsam,8
kreis,8
teilen,8
tausend,8
selten,8
mühe,8
tisch,8
umstand,8
schüler,8
hell,8
about,8
müde,8
grund,8
johnny,8
konnen,8
befehl,8
idee,8
infolge,8
robin,8
gold,8
last,8
fels,8
wach,8
verbergen,8
bande,8
starr,8
hood,8
schlüpfen,8
spiel,8
mitte,8
trennen,8
quelle,8
gefährlich,8
zug,8
nachdenken,8
reißen,8
frage,8
werd,8
apfel,8
hättn,8
wunderen,8
beckys,8
klettern,8
mut,8
füllen,8
freilich,8
dein,8
rühren,8
treppe,8
wecken,8
jack,8
floß,8
pflegen,8
ängstlich,8
begriff,8
jungen,8
stuhl,8
beugen,8
fee,8
zwingen,8
sieh,8
nochmal,8
seufzen,8
blitz,8
paarmal,8
section,8
rache,8
it,8
dankbar,8
solange,8
hack,8
dachen,8
schieben,8
verschieden,8
alfred,8
see,8
drum,8
gewissen,8
kamerad,8
person,8
miauen,8
unterbrechen,8
tote,8
nee,8
hörst,8
without,8
set,8
hälfte,8
unrecht,8
schielen,8
trübselig,8
forth,8
bewegen,8
warze,8
hill,8
have,8
schleppen,8
kiste,8
zitternd,8
loch,8
feind,8
verdacht,8
ergreifen,8
hundert,8
leiche,8
unterhalb,8
aufregung,8
spät,8
tatst,8
woher,8
drängen,7
hübsch,7
atemlos,7
warst,7
gemütlich,7
familie,7
vergehen,7
kriegen,7
copies,7
ebooks,7
zurückkommen,7
bieten,7
nu,7
hinunter,7
grübelen,7
hart,7
staat,7
gleich,7
aushalten,7
hut,7
schwören,7
melancholisch,7
stirn,7
möglichst,7
senken,7
ausdruck,7
ungefähr,7
schlichen,7
abermals,7
durch,7
lebhaft,7
wichtig,7
petersburg,7
versinken,7
distributing,7
law,7
dreißig,7
passieren,7
zuletzt,7
zurückkehren,7
aufmerksam,7
herauskommen,7
innerlich,7
peter,7
schinken,7
wählen,7
raum,7
thi,7
schlief,7
associated,7
lächeln,7
lawrence,7
kirchhof,7
streich,7
which,7
schiff,7
tropfen,7
begegnen,7
engel,7
erregen,7
wut,7
seufzer,7
rennen,7
gruppe,7
schaut,7
ruhm,7
tauchen,7
kritisch,7
waschen,7
wild,7
unglück,7
verbrechen,7
sohn,7
erwartung,7
rand,7
stimmung,7
hexe,7
anblick,7
höchst,7
meter,7
komm,7
heut,7
sturm,7
provide,7
küste,7
hinüber,7
erwachen,7
malen,7
aufhören,7
wahrheit,7
absicht,7
schmerz,7
weh,7
lasten,7
heim,7
brust,7
papier,7
hinauf,7
beschäftigung,7
located,7
schicken,7
fremde,7
beinahe,7
meer,7
verloren,7
balken,7
walter,7
eimer,7
überraschung,7
gericht,7
pinsel,7
neid,7
glaskugel,7
such,7
hol,7
vornehmen,7
piraten,7
meinetwegen,7
ehre,7
breit,7
fortwährend,7
trotz,7
unglücklich,7
unruhe,7
überlegen,7
neuigkeit,6
lauter,6
irgendwo,6
angenehm,6
geschlecht,6
taubstumm,6
garten,6
murmel,6
wirken,6
rest,6
dach,6
schulhaus,6
hängen,6
verzweifelt,6
täglich,6
charge,6
zeuge,6
ruf,6
schnarchen,6
ellbogen,6
starrn,6
wütend,6
schnaps,6
einzelheit,6
permission,6
fremd,6
verwirrt,6
wiederholen,6
kämpfen,6
tax,6
anfangen,6
begeben,6
runter,6
sogleich,6
nachricht,6
wohnen,6
entfernung,6
könig,6
griffel,6
geraten,6
sichtbar,6
heftig,6
strecken,6
using,6
comply,6
entscheiden,6
vertrauen,6
angelegenheit,6
trinken,6
rollen,6
früh,6
tageslicht,6
mutlos,6
dankbarkeit,6
distribution,6
sand,6
summe,6
aufsehen,6
gib,6
überraschen,6
bogen,6
mittag,6
versuchung,6
achten,6
paid,6
verzweiflung,6
aneinander,6
flügel,6
strick,6
pressen,6
unterdrückt,6
zwölf,6
gewinnen,6
tafel,6
pscht,6
ersterben,6
unbestimmt,6
inne,6
hingehen,6
eins,6
einsiedler,6
eifrig,6
schwitzen,6
stürzen,6
erzählung,6
edel,6
mögen,6
farbe,6
most,6
ehe,6
stocken,6
besucher,6
jugend,6
spitze,6
dringen,6
mörder,6
augenscheinlich,6
enden,6
gras,6
beide,6
verstummen,6
trüb,6
heiterkeit,6
under,6
glühend,6
roger,6
glocke,6
gleichzeitig,6
befreien,6
plan,6
rechnen,6
probieren,6
blaß,6
jacke,6
kleiden,6
zeh,6
bereit,6
krampfhaft,6
ruhen,6
aufregend,6
romantisch,6
bohne,6
verdächtig,6
kugel,6
preis,6
wächter,6
nirgends,6
wärst,6
fußboden,6
gestern,6
liebe,6
landen,6
fall,6
berauben,6
kümmern,6
wunderbar,6
bedeckt,6
schneiden,6
hoff,6
aufstehen,6
schutz,6
weder,5
schläfrig,5
reizend,5
klopften,5
free,5
ziemlich,5
holla,5
trauer,5
konntest,5
schein,5
äußerst,5
suche,5
schrei,5
beenden,5
gähnen,5
hätn,5
winkel,5
gelächter,5
rinde,5
herüber,5
neger,5
zufrieden,5
lücke,5
nachdenklich,5
gebet,5
grün,5
gründlich,5
zurückhalten,5
compliance,5
format,5
berg,5
erstaunen,5
zerlumpt,5
zuhörer,5
trocken,5
heulend,5
hieb,5
frisch,5
überzeugen,5
verstohlen,5
gestohlen,5
zehe,5
begehen,5
strömung,5
bereiten,5
heuen,5
herauf,5
sicherheit,5
bewunderung,5
bedecken,5
entfernen,5
meinung,5
flasche,5
band,5
aussicht,5
zögernd,5
besitz,5
ferien,5
jenseits,5
marschieren,5
herzen,5
monat,5
bestätigen,5
böse,5
vergeben,5
hüllen,5
schlag,5
schuß,5
gehst,5
spähen,5
sawyers,5
unmöglich,5
empor,5
entstehen,5
fein,5
ewigkeit,5
state,5
received,5
unterhaltung,5
pult,5
sammeln,5
hilfe,5
aufnehmen,5
dobbins,5
donnerwetter,5
links,5
üben,5
vernichten,5
grausam,5
nebel,5
erkennen,5
leib,5
geheim,5
wischen,5
passen,5
lauschen,5
öffentlich,5
strich,5
deklamieren,5
dummheit,5
limited,5
stutzen,5
zweitausend,5
auftreiben,5
manier,5
bengel,5
punkt,5
anziehen,5
anteil,5
berühmt,5
zurecht,5
schlecht,5
verdammt,5
gespräch,5
zerstreuen,5
rede,5
bestimmt,5
würdst,5
verdienen,5
dumm,5
jagen,5
nigger,5
fehlen,5
vertragen,5
gewöhnen,5
drang,5
unsicher,5
dutzend,5
brauchst,5
sorgfältig,5
schwamm,5
m,5
befriedigend,5
begräbnis,5
volunteers,5
erregung,5
distribute,5
protected,5
wiederfinden,5
unentschlossen,5
brot,5
walde,5
weißt,5
ähnlich,5
würdest,5
vielversprechend,5
alter,5
erstaunt,5
bündel,5
replacement,5
gottesdienst,5
chor,5
patsch,5
holz,5
stopp,5
wirkung,5
medium,5
folge,5
aussetzen,5
seligkeit,5
vermissen,5
gelingen,5
weis,5
lage,5
kühn,5
ärgerlich,5
gehn,5
aufhalten,5
rächer,5
glied,5
entzücken,5
nämlich,5
entlang,5
anyone,5
unternehmung,5
zählen,5
gespenster,5
freiheit,5
verstehen,5
pfeif,5
mauer,5
davonlaufen,5
feierlich,5
ansehen,5
selig,5
dämmerung,5
ulme,5
riesig,5
entschlüpfen,5
hose,5
mark,5
wirtshaus,5
master,5
wiederum,5
landstreicher,5
antworten,5
siehst,5
verwirrung,5
veranlassen,5
superintendent,5
vorbeikommen,5
auf,5
bange,4
abwenden,4
starren,4
anfingen,4
selber,4
kaufen,4
beifall,4
klopfen,4
ankommen,4
enttäuschung,4
zeug,4
collection,4
beschwören,4
support,4
displaying,4
tatsache,4
zart,4
natürlich,4
fällen,4
unterschied,4
vorstellen,4
dick,4
stumm,4
diamant,4
anzeigen,4
give,4
triefend,4
kommsen,4
wurzel,4
erleuchten,4
situation,4
schaute,4
streit,4
ersticken,4
donnerschlag,4
laterne,4
durchsuchen,4
ertragen,4
seeräuber,4
bös,4
klasse,4
müßen,4
editions,4
creating,4
erschrecken,4
individual,4
torheit,4
blendend,4
befriedigen,4
lärm,4
right,4
sommer,4
our,4
spazieren,4
prozession,4
vergeblich,4
beeiln,4
kinn,4
obendrein,4
temple,4
gemeinde,4
ersehnt,4
blicken,4
erschrocken,4
how,4
werkzeug,4
zeit,4
unbewußt,4
zumute,4
fliege,4
return,4
annehmen,4
binden,4
unangenehm,4
möchten,4
nachbarschaft,4
mittelpunkt,4
except,4
helln,4
abschneiden,4
mission,4
bewahren,4
ertönen,4
auszuruhen,4
solch,4
armer,4
pudel,4
ebenfalls,4
aufsatz,4
begreifen,4
phrase,4
stoß,4
doppelt,4
einst,4
schauer,4
stock,4
echt,4
bleibst,4
following,4
rechtzeitig,4
mahlzeit,4
henker,4
mondlicht,4
schulhof,4
bekannt,4
erleben,4
ertrunken,4
erhaben,4
erwachsene,4
dacht,4
kläglich,4
berichten,4
unruhig,4
stat,4
lebensmittel,4
zeichnen,4
gebäude,4
führend,4
mond,4
lump,4
gelb,4
übrig,4
gewirr,4
geräusch,4
pumpe,4
vereinigt,4
rock,4
schmutz,4
bezeichnen,4
nadel,4
mord,4
steif,4
gesehn,4
vorteil,4
copying,4
brummen,4
aufheben,4
krachend,4
part,4
umsonst,4
mißgeschick,4
wachsen,4
lichtschimmer,4
rauskriegen,4
zweck,4
hollis,4
heran,4
cannot,4
heilig,4
country,4
höhnisch,4
medizin,4
erlauben,4
grau,4
reichen,4
echo,4
möglichkeit,4
computer,4
beschäftigen,4
ewig,4
spanisch,4
vogel,4
angelangen,4
verzichten,4
huschen,4
fliehen,4
hurra,4
blindekuh,4
before,4
freudig,4
betrunken,4
tantchen,4
rogers,4
teelöffel,4
übel,4
irrtum,4
wolln,4
provided,4
eng,4
segel,4
ansicht,4
brennen,4
lektion,4
handvoll,4
überlassen,4
verstand,4
grube,4
sauber,4
entschluß,4
tuscheln,4
check,4
lächelen,4
ahnung,4
ärgern,4
gleichfalls,4
bord,4
rauch,4
möglich,4
erhöhen,4
befestigen,4
schindel,4
suchend,4
kritzeln,4
westen,4
schlendern,4
erfahren,4
sonderbar,4
kriegsgeheul,4
gebiet,4
mitnehmen,4
donner,4
ratte,4
vielmehr,4
erschreckt,4
sorge,4
herausfordernd,4
beten,4
opfer,4
heiraten,4
beweisen,4
bluthändige,4
tapfer,4
weit,4
j,4
zögeren,4
hüten,4
ungemütlich,4
drüben,4
selbstverständlich,4
tant,4
berühren,4
ne,4
gebrochen,4
benehmen,4
verlassenheit,4
beobachten,4
asche,4
text,4
schweigend,4
eigentlich,4
eule,4
tätigkeit,4
behalten,4
bewußt,4
vorüber,4
frieden,4
scheußlich,4
leb,4
stoßend,4
pah,4
griff,4
owner,4
zweig,4
schmücken,4
hoffnungsvoll,4
but,4
meistens,4
anzünden,4
within,4
aufwachen,4
trupp,4
geschrei,4
träum,4
glas,4
strömen,4
besitzen,4
verfallen,4
sinn,4
eile,4
schüchtern,4
heften,4
ruine,4
eintönig,4
pfeil,4
heilen,4
hinterher,4
bitter,4
wachen,4
anwesenheit,4
distributed,4
figur,4
unbekannt,4
spalte,4
gutherzig,4
saal,4
behexen,4
abgestorben,4
umgeben,4
eher,4
verfault,4
schwermut,4
wetter,4
dummkopf,4
verflucht,4
brennend,4
erzählt,4
kostbar,4
singen,4
leser,4
süß,4
voran,4
schwert,4
leugnen,4
hinzu,4
arme,4
strolch,4
geschöpf,4
mittwoch,4
zivilisation,4
schlachthaus,4
gestrüpp,4
baumstumpf,4
kamsen,4
mama,4
general,4
providing,4
trollen,4
schleudern,4
atmen,4
wache,4
vergnüg,4
mitbringen,4
worin,4
requirements,4
freely,4
sparen,4
stückche,4
aberglaube,4
herab,4
tanner,4
unerträglich,4
fügen,4
bob,4
heuln,4
gerad,4
schaudernd,4
holder,4
posted,4
gestehen,4
hm,4
fees,4
rüber,4
status,4
begierig,3
deutlich,3
heimweh,3
schall,3
eltern,3
schwäche,3
stürmisch,3
entdeckungsreise,3
schätz,3
brauch,3
retten,3
spalt,3
esel,3
futsch,3
beantworten,3
nächtlich,3
taschentuch,3
kunst,3
hehen,3
schauderen,3
betrüben,3
karren,3
sagteen,3
betäuben,3
beschreibung,3
staunend,3
halbtot,3
verbrennen,3
begleiten,3
gasse,3
trab,3
schaun,3
springbrunn,3
innere,3
schönheit,3
gracie,3
eiche,3
treibend,3
regelmäßig,3
blitzstrahl,3
empfindung,3
offenbar,3
verzehrten,3
bedeutend,3
wandn,3
vernehmen,3
eisern,3
einfältig,3
feder,3
schweiß,3
tal,3
staatsanwalt,3
heimlich,3
leuchten,3
gürtel,3
unbeweglich,3
vorbereitung,3
belehren,3
fortlaufen,3
alledem,3
schicksal,3
dinger,3
mississippi,3
autorität,3
größe,3
abbrechen,3
seicht,3
genügen,3
beisammen,3
danken,3
schmerzentöter,3
erwarten,3
glaube,3
becher,3
roh,3
texas,3
ausführen,3
zelt,3
grenzenlos,3
zittern,3
unglaublich,3
fieber,3
mühsam,3
erlaubnis,3
schoßn,3
morgen,3
segnen,3
halblaut,3
spur,3
unerhört,3
verräterisch,3
lehm,3
decke,3
knopf,3
orgi,3
ankleiden,3
vorgehen,3
läuten,3
ausnehmen,3
tönen,3
strahlend,3
ausbreiten,3
lähmend,3
wahrnehmen,3
steil,3
deinen,3
rollend,3
entzück,3
bereuen,3
spektakel,3
lassend,3
jünger,3
labyrinth,3
wacht,3
leis,3
haut,3
heimwärts,3
dürfen,3
bequem,3
eid,3
drei,3
verfiel,3
nackt,3
krankheit,3
williams,3
hoss,3
rückfall,3
einfallen,3
hohl,3
zündhölzer,3
murmeln,3
besoffen,3
vergebens,3
seitwärts,3
stassen,3
gegenwart,3
hinter,3
gruben,3
schauplatz,3
flackern,3
wirfst,3
lediglich,3
begraben,3
zweitenmal,3
ordnung,3
spuken,3
sargdeckel,3
kennst,3
stern,3
fünfzehn,3
sarg,3
fünfzig,3
schmal,3
wobei,3
abschied,3
verlegenheit,3
knarrn,3
ufervorsprung,3
denkbar,3
gegenseitig,3
herzens,3
witz,3
bedeuten,3
sympathie,3
erleichterung,3
wirklichkeit,3
gefängnis,3
drachenleine,3
empfangen,3
niederdrückend,3
heimat,3
meint,3
dachte,3
wolltest,3
fische,3
fluchen,3
wahrscheinlich,3
ablegen,3
ohnehin,3
eingang,3
zärtlich,3
wiederkommen,3
trostlos,3
knien,3
herzbrechend,3
wohlerzogen,3
entdeckung,3
kühl,3
landungsstelle,3
jugendlich,3
gewohnheit,3
donnerstag,3
kohle,3
sorgen,3
mechen,3
aufpassen,3
ritze,3
leine,3
felsen,3
verrückt,3
erhellen,3
mündung,3
überraschend,3
stützen,3
strolche,3
hefteen,3
lagerfeuer,3
ändern,3
baumstamm,3
unterwegs,3
gemüt,3
weichen,3
gelog,3
beleuchten,3
durchbrennen,3
bleib,3
niederlassung,3
schnauze,3
zwielicht,3
gingst,3
hirn,3
clown,3
artig,3
sermon,3
tiefe,3
sitz,3
auffangen,3
flüsternd,3
hingen,3
unbewohnt,3
zeugnis,3
beginn,3
finster,3
wolke,3
krümmen,3
bestürzung,3
tor,3
überzeugung,3
befreiung,3
bewußtsein,3
müdigkeit,3
erwähnung,3
hauen,3
heirat,3
scham,3
erinnerst,3
bitt,3
morgens,3
aussehen,3
flackernd,3
schoß,3
unterhaltend,3
auseinander,3
million,3
andermal,3
verbreiten,3
stadt,3
immerfort,3
verhext,3
hatt,3
endlos,3
brauchsten,3
präsident,3
nicken,3
aufgeregt,3
sack,3
unmittelbar,3
mehrmals,3
england,3
niederschlagen,3
oberhalb,3
wiegen,3
untersuchung,3
haupt,3
fledermäuse,3
sykomorenrinde,3
ertappen,3
eu,3
versichern,3
hauch,3
flut,3
zuversichtlich,3
nahezu,3
gewalt,3
klaps,3
abweisen,3
uniform,3
schimmer,3
nachtzeit,3
zoll,3
unbehaglich,3
löwe,3
wisperen,3
pathos,3
herrlichkeit,3
wesen,3
eintreten,3
silber,3
rausch,3
rappelen,3
kist,3
beherrschen,3
beteiligen,3
verran,3
anklagen,3
hilflos,3
außerhalb,3
überwältigend,3
erzittern,3
niederlassen,3
froh,3
wovon,3
anfüllen,3
vorkommnis,3
entity,3
limitation,3
obtain,3
penny,3
make,3
knicken,3
hau,3
überschütten,3
hättest,3
entkleiden,3
erwartungsvoll,3
gehörig,3
lügner,3
read,3
please,3
raschel,3
leid,3
sitte,3
armselig,3
schönes,3
staub,3
zerrissest,3
new,3
trost,3
unleidlich,3
zucken,3
lied,3
vermeiden,3
future,3
laden,3
hinterhalt,3
help,3
below,3
warranties,3
sehnen,3
verlauf,3
rührend,3
who,3
people,3
prügelen,3
schreiend,3
bemühung,3
kopfschütteln,3
meinetweg,3
neugier,3
written,3
number,3
paying,3
talg,3
geduld,3
brummend,3
these,3
kasten,3
fürcht,3
rute,3
pflicht,3
angelhaken,3
verkaufen,3
inmitten,3
nehm,3
verblüffen,3
beiseite,3
endgültig,3
schrie,3
gutmütig,3
muster,3
anbringen,3
zwei,3
empfang,3
anzug,3
kein,3
fleiß,3
musik,3
aufstellen,3
ungestört,3
musterknabe,3
plätzchen,3
feld,3
sollst,3
complying,3
schauend,3
waffe,3
used,3
feucht,3
etwaig,3
benützen,3
warm,3
jedenfalls,3
forschend,3
public,3
fließen,3
cent,3
defect,3
hüpfen,3
vertiefen,3
künstler,3
herrgott,3
lebensgeister,3
vertieft,3
contact,3
maschine,3
tau,3
eilig,3
tschschuh,3
beschreiben,3
additional,3
tschuuuhhh,3
tschuh,3
efforts,3
paragraphs,3
muskel,3
schleunigst,3
hallo,3
siehen,3
ausführung,3
days,3
ferner,3
fleißig,3
user,3
royalty,3
tantche,3
applicable,3
payments,3
official,3
vorsicht,3
flüchtig,3
schaden,3
anstreicherlehrling,3
schwimmend,3
unaussprechlich,3
ersatz,3
money,3
up,3
dampfer,3
writing,3
gefangenschaft,3
streben,3
performing,3
leuchteen,3
liability,3
lungeren,3
klang,3
trösten,3
vorstellung,3
fingerhut,3
stehlen,3
reden,3
nix,3
aussprechen,3
wetten,3
küche,3
its,3
zerbrochen,3
reue,3
zuversicht,3
planke,3
fleck,3
seufzend,3
stehn,3
than,3
sagtest,3
damages,3
feindlich,3
schädel,3
verabredung,3
elegant,3
steuerbord,3
busenfreund,3
dong,3
beweis,3
sieg,3
notice,3
sicht,3
hoffnungslos,3
schlage,3
wahnsinn,3
mitten,3
equipment,3
disclaimer,3
unless,3
zuwenden,3
flüchtling,3
kosten,3
imstande,3
schaffen,3
ausmachen,3
unkraut,3
wenigster,3
blühend,3
versammeln,3
cost,3
zugetragen,3
ehrgeiz,3
schulkamerad,3
närrin,3
persönlichkeit,3
hindern,3
ehrenhaft,3
ausstatten,3
vorkommen,3
anspruch,3
gesegnet,3
zwängen,3
included,3
vierzig,3
online,3
geschwätz,3
flucht,3
where,3
verächtlich,3
hetzen,3
start,3
geschlossen,3
brille,3
erzeugen,3
befehlen,3
überlegung,3
schliefen,2
aufbrechen,2
derartig,2
sausen,2
costs,2
vehemenz,2
springend,2
ungeduldig,2
bettdeck,2
triumph,2
energie,2
rösten,2
versank,2
auffindung,2
edition,2
speck,2
verschüchtern,2
verdutzt,2
legal,2
fortwarf,2
horch,2
benehme,2
kund,2
besuchen,2
mitschleppen,2
klient,2
weib,2
rieb,2
zauber,2
wiederzukommen,2
wunderschön,2
expenses,2
nachher,2
stopfen,2
schatzkammer,2
sorglos,2
höhepunkt,2
betrachtung,2
damage,2
aufrufen,2
spielzeug,2
geflüster,2
schmauchen,2
gute,2
furchtsam,2
entsetzen,2
hochrot,2
trübe,2
schärpe,2
unsern,2
entfalten,2
habs,2
krachen,2
warranty,2
bad,2
zusammenscharren,2
behälter,2
gebildet,2
spießgeselle,2
zukunft,2
über,2
ausgehen,2
einfall,2
witze,2
beladen,2
eibenbog,2
neugierig,2
rahm,2
c,2
hohlen,2
verborgen,2
erörtern,2
zinntrompet,2
dorthin,2
gegenverhör,2
mangel,2
beschreib,2
peinvoll,2
oberer,2
maß,2
operation,2
daraufhin,2
nichtsdestoweniger,2
hütte,2
kühnheit,2
unendlich,2
mutig,2
geächteter,2
weinend,2
laufend,2
strecke,2
wunde,2
zigarre,2
prahlerisch,2
versagen,2
dienst,2
receive,2
jemand,2
electronically,2
lieu,2
unberührt,2
explanation,2
fensterhöhle,2
entfernter,2
quotation,2
langgezogen,2
umzäunung,2
low,2
vermögen,2
schufte,2
schwinden,2
schlafzimmer,2
yard,2
morsch,2
ticken,2
ausgegraben,2
lohn,2
käferchen,2
zinneimer,2
nachgeben,2
pferd,2
zufällig,2
dankerfüllen,2
rast,2
raffen,2
hölzern,2
been,2
anstreichen,2
irgendwer,2
sekunde,2
anwesende,2
gleichsam,2
balsam,2
erfrischen,2
hüpfend,2
original,2
abreißen,2
zweimal,2
einbrecherwerkzeug,2
gefährt,2
grashalm,2
laub,2
much,2
singend,2
ferse,2
verlaß,2
umdrehen,2
entgegen,2
vertrau,2
schnaufend,2
paß,2
blase,2
streiten,2
beizustehen,2
geächtete,2
wärest,2
gedächtnis,2
guisborne,2
guy,2
breach,2
defective,2
verteufeln,2
todmüde,2
gefärbt,2
verloben,2
vorhanden,2
schlendert,2
almost,2
jungs,2
zumachen,2
schnur,2
ließest,2
erbarm,2
illuminieren,2
stundenlang,2
stemmen,2
ausgeblasen,2
möchtest,2
reichtum,2
kauen,2
gummi,2
betreiben,2
angeführt,2
rum,2
gewissensbis,2
gedankenlos,2
tig,2
prüfen,2
physical,2
gesichtchen,2
erstenmal,2
baumeln,2
schürze,2
receipt,2
felsvorsprung,2
patsche,2
verzehren,2
durchfuhr,2
ungekämmt,2
away,2
betrübt,2
dächen,2
ausstoßend,2
whatsoev,2
restrictions,2
date,2
meintest,2
achtzehn,2
flüsterton,2
zurückdenken,2
fallend,2
köder,2
anywhere,2
machend,2
verwünschend,2
fühler,2
ausstrecken,2
weisen,2
gauner,2
dankbarst,2
trübsinn,2
künstlich,2
schub,2
schrecklichst,2
aufhellen,2
frohlocken,2
specified,2
schwachherzig,2
gesetz,2
säule,2
weilen,2
donate,2
kreide,2
frühzeitig,2
wölbung,2
mittags,2
angehören,2
world,2
botschaft,2
parts,2
raushelfen,2
plaudern,2
drache,2
has,2
gefangen,2
geschickt,2
ursache,2
bequemen,2
hitzig,2
dreifach,2
klug,2
lumpig,2
accordance,2
hervorrufen,2
geradezu,2
zärtlichkeit,2
teufelsjung,2
they,2
updated,2
bekennen,2
klagen,2
verharren,2
freundlos,2
klangen,2
friedvoll,2
nachsehen,2
beneiden,2
hellwag,2
nächte,2
hoffnungslosigkeit,2
wandschrank,2
einverstanden,2
effort,2
einschlafen,2
aufschrecken,2
websit,2
soldat,2
lieb,2
gleichgültigkeit,2
häuptling,2
benachbart,2
plauderten,2
lot,2
bracht,2
kahl,2
sehnsucht,2
rufe,2
unterwerfen,2
big,2
missouri,2
hinausgetrieben,2
kapitän,2
produced,2
stehend,2
credit,2
backbord,2
fühlbar,2
wodurch,2
hattst,2
anstrengen,2
ankunft,2
strafarbeit,2
schmeichelen,2
aladin,2
abgebrochen,2
palast,2
herein,2
bittend,2
trostlosigkeit,2
schluchz,2
kümmeren,2
sauer,2
weich,2
untergehen,2
gerichtsgebäude,2
gesichtszüg,2
mitgehen,2
behag,2
ringsum,2
specht,2
eingejagen,2
spirituose,2
wasserfläche,2
goß,2
considerable,2
twain,2
gewaltig,2
sprache,2
hoho,2
gipfel,2
ermutigen,2
herausbringen,2
sichern,2
verfolgung,2
erschöpfung,2
jungens,2
blumentöpf,2
einstweilen,2
blutroen,2
perücke,2
gesang,2
second,2
gelitten,2
federal,2
höchstens,2
richard,2
fußtritt,2
weinerlich,2
verfluchen,2
kleider,2
betrübend,2
harbison,2
bull,2
verstehst,2
unwillkürlich,2
packten,2
wehen,2
verfehlen,2
ebensoviel,2
schuld,2
fühl,2
ader,2
stocheren,2
hinkommen,2
fortkomm,2
dobbin,2
wälzen,2
friedlich,2
email,2
schlafend,2
aß,2
zutragen,2
zauderen,2
hingehn,2
melancholie,2
abwarten,2
falsch,2
schwein,2
werfend,2
vorname,2
spitzen,2
talent,2
zerrissen,2
tölpelhaft,2
schmieden,2
fessel,2
einbildungskraft,2
rotstift,2
sprichen,2
folgend,2
verfalln,2
eur,2
sidney,2
zwirn,2
archiv,2
hallen,2
hieroglyphen,2
abgelegen,2
brüten,2
find,2
kaffee,2
rostig,2
tät,2
beschaut,2
henken,2
plappern,2
vorrat,2
büschen,2
jackson,2
enttäuschen,2
ausgelassen,2
bekräftigen,2
aufbruch,2
vornherein,2
bluten,2
nähen,2
eifersucht,2
ballen,2
seiest,2
verdrießlich,2
grünspan,2
eisen,2
ritzen,2
fleisch,2
nagel,2
fähigkeit,2
page,2
mitwisserschaft,2
dreiviertel,2
erschöpfen,2
kümmernisse,2
gegessen,2
gerissen,2
pst,2
tags,2
legend,2
euer,2
wider,2
zuckertonne,2
kraftlos,2
gebärde,2
wusch,2
dienstag,2
ebensowenig,2
blutig,2
nachmittags,2
tone,2
bericht,2
tasteen,2
resultat,2
stellung,2
kunststück,2
schwehen,2
tausendmal,2
wirtshäuser,2
gingest,2
erstarren,2
maiskolbe,2
entwischen,2
solicit,2
röck,2
keep,2
durcheinander,2
zerstreuung,2
fortkommen,2
glückseligkeit,2
genoß,2
sprachlos,2
wherer,2
speisekammer,2
abbildung,2
zwang,2
aushorchen,2
gesichtsausdruck,2
solltest,2
hättesen,2
farbig,2
bude,2
particular,2
streifzug,2
verleihen,2
frech,2
minutenlang,2
rauh,2
todsich,2
red,2
besorgen,2
gesund,2
visit,2
ausbruch,2
herkommen,2
viertel,2
heubod,2
onkel,2
amys,2
angezog,2
pap,2
vorig,2
small,2
gemütsverfassung,2
düsterst,2
überflüssig,2
hintertür,2
rückzug,2
richtig,2
einerlei,2
trommel,2
verzeihung,2
recht,2
many,2
gängelband,2
pflaster,2
professor,2
auflauern,2
umzusehen,2
nest,2
frühstücken,2
nennt,2
verschmerzen,2
gehend,2
sumachwald,2
schubkarr,2
robinson,2
aufzuheitern,2
certain,2
latern,2
abenteurer,2
versteck,2
leichenberaubung,2
mörderisch,2
einwand,2
schwerlich,2
grade,2
kapern,2
karriere,2
erstickt,2
günstig,2
herumzukommen,2
siehn,2
tatest,2
zweifeln,2
schrank,2
gast,2
gitterfenster,2
lügen,2
schlufen,2
kehle,2
soweit,2
gekocht,2
entschieden,2
szene,2
ungelegenheit,2
zornig,2
kopfende,2
ausgestoßen,2
problem,2
shall,2
gepeitscht,2
ladung,2
zerren,2
stachelen,2
vor,2
diebstahl,2
implied,2
umsehend,2
experiment,2
zerfallen,2
eingesunken,2
überwucheren,2
lehnen,2
heller,2
dorfen,2
nass,2
beschmutzt,2
wateten,2
angstvoll,2
holzschuppen,2
wirtshau,2
bewaldet,2
vollends,2
vermehren,2
holzschuppe,2
glänzen,2
leidend,2
unumstößlich,2
felsblock,2
tinte,2
wohnung,2
klopfend,2
drohen,2
seelenvergnügen,2
phantasie,2
glaubst,2
geschwindigkeit,2
tatsächlich,2
verräter,2
merkwürdig,2
gestalt,2
bedrücken,2
beunruhigen,2
beklagen,2
argwöhnen,2
lasterhaft,2
behutsam,2
zurücklegen,2
deutsch,2
imaginär,2
bluthändig,2
pfeifen,2
steinbruch,2
angreifen,2
scherz,2
ermordeter,2
einladung,2
galopp,2
sackleinwand,2
susy,2
affäre,2
geister,2
zahnschmerz,2
backen,2
mütze,2
treu,2
ungewiß,2
zierlich,2
kaltherzig,2
widest,2
gestochen,2
schuh,2
genugtuung,2
hinweg,2
sterngucker,2
eichen,2
schlinggewächse,2
glaublich,2
created,2
beibringen,2
sagtesen,2
erfindung,2
foltern,2
käm,2
generations,2
fürchteen,2
mondschein,2
delikat,2
zusammenbrechen,2
spannung,2
vorbeikamen,2
beleidigt,2
bezwang,2
unterdrücken,2
halstuch,2
monstrum,2
branntwein,2
geflissentlich,2
schauspiel,2
totenstill,2
anlegen,2
kämpfend,2
schätzen,2
umhertolle,2
lästig,2
begreiflich,2
accepted,2
kommst,2
rettung,2
faust,2
gegner,2
feigling,2
permitted,2
verhauen,2
detektiv,2
schwor,2
erzwungen,2
murmelen,2
gäng,2
ausweichen,2
weltwund,2
besehen,2
stotteren,2
anstarren,2
schäbig,2
schande,2
schwiegen,2
aushöhlen,2
ehr,2
rasend,2
besinnen,2
tust,2
hältst,2
unterkriegen,2
cause,2
geöffnet,2
mittlerer,2
satan,2
einzulenken,2
nachlässig,2
schweben,2
zerfließen,2
liebling,2
keeping,2
pfot,2
geheul,2
leuchter,2
ungewöhnlich,2
haßen,2
promoting,2
ruchlos,2
betrachtend,2
vorhalten,2
neidisch,2
psalterbuch,2
dünken,2
stolpernd,2
tabak,2
überreichen,2
grenzenloser,2
owns,2
jetzig,2
vergangenheit,2
beschnüffelen,2
s,2
l,2
zuckerdose,2
pochend,2
mode,2
alabama,2
notenblätter,2
hinterer,2
zerreißen,2
baumwipfel,2
gemacht,2
way,2
quälend,2
niederfall,2
kränken,2
references,2
removed,2
grimmig,2
bemerkenswert,2
orden,2
sieger,2
verbindung,2
thaben,2
redensart,2
raschelnd,2
drückend,2
gerne,2
übervoll,2
feuerherd,2
kerbholz,2
verachtung,2
brülln,2
hervorragend,2
steinern,2
anhielt,2
wechseln,2
höflich,2
stießen,2
zuschauer,2
krach,2
irgendwelch,2
eklig,2
beiläufig,2
bettpfost,2
krepieren,2
gouverneur,2
vortragen,2
strohhalm,2
oth,2
schafskopf,2
beschatten,2
zündholzschachtel,2
peinlich,2
pence,2
kneifzang,2
verrostet,2
warz,2
schmächtig,2
stiel,2
concerning,2
impuls,2
türschwelle,2
sandgelb,2
häupter,2
ausreißer,2
sentence,2
beliebig,2
stolze,2
immediat,2
appear,2
prominently,2
vollmond,2
printed,2
anbetung,2
verkünden,2
rechts,2
bestehen,2
rächen,2
outside,2
quäl,2
bereich,2
zurückziehen,2
regentonn,2
stattfinden,2
arg,2
müßig,2
trauergottesdienst,2
gehorchen,2
gänzlich,2
belieben,2
barfuß,2
schmuck,2
maser,2
zucker,2
anzuziehen,2
klage,2
anmerkung,2
podium,2
geistesabwesend,2
wanken,2
abendessen,2
redistribution,2
hattesen,2
wanderen,2
applaus,2
anatomie,2
besseres,2
preisgeben,2
wühlen,2
fortsetzen,2
umkommen,2
zutage,2
anzeichen,2
billett,2
trügerisch,2
durchdringend,2
upon,2
symptom,2
gewaltsam,2
locker,2
glücksfall,2
only,2
englisch,2
trauen,2
schleier,2
einfiel,2
wartend,2
geistesgegenwart,2
glossen,2
mischen,2
schwärze,2
ausziehen,2
sechzig,2
there,2
patient,2
things,2
wund,2
bibelspruch,2
schießen,2
mittagessen,2
immerhin,2
even,2
ausdauer,2
unbekannte,2
lauschend,2
erstickend,2
entgehen,2
windung,2
destroy,2
redselig,2
mean,2
nische,2
juli,2
lärmend,2
ihrige,2
ergreifend,2
abhalten,2
nutzlos,2
mayor,2
aufweisen,2
obtaining,2
spuckend,2
gespensterhaus,2
segen,2
bound,2
abwechselung,2
old,2
kanzel,2
hinzugehen,2
herumfuhr,2
montagmorgen,2
übl,2
laune,2
tanzen,2
intellectual,2
sprecher,2
heutzutage,2
based,2
hochtrabend,2
aufheitern,2
drein,2
buben,2
gebrauch,2
tröst,2
metall,2
kadett,2
fil,2
wollust,2
erleichteren,2
eingebildet,2
ereignen,2
domain,2
lose,2
verwandeln,2
zupfen,2
fang,2
märtyrer,2
available,2
gründen,2
flehen,2
ofen,2
geldkiste,2
bill,2
blind,2
glieder,2
gekleidet,2
dalieg,2
derivative,2
aufbewahren,2
pose,2
berührung,2
durchkomm,2
runzelen,2
mitglied,2
verwelkt,2
herzklopfe,2
behangen,2
aufsagen,2
erziehung,2
todeskampf,2
häßlich,2
versenken,2
fluche,2
leibeskräft,2
hör,2
prächtig,2
äußerer,2
einschwörung,2
flusse,2
erwerben,2
ausschmückung,2
holzfloß,2
einklang,2
au,2
sonnenschein,2
kälte,2
einsamkeit,2
säck,2
redistributing,2
nachlassen,2
besuch,2
geistig,2
verhassen,2
balancieren,2
pracht,2
einnehmen,2
breiten,2
angeheiteren,2
sykomore,2
drachenschnüre,2
salbungsvoll,2
marked,2
heldentat,2
leidlich,2
bürsten,2
neulich,2
erblicken,2
wehren,2
dämpfen,2
abgleien,2
absolut,2
ehrfurcht,2
brütend,2
unwiderstehlich,2
sonntage,2
wirklich,2
fläche,2
stil,2
befördern,2
ungewohnt,2
stromabwärts,2
querüber,2
montag,2
thron,2
schmerzen,2
genuß,2
bürgermeister,2
royalties,2
kniff,2
nimm,2
verrichten,2
einverständnis,2
lächerlich,2
plattform,2
bedeutung,2
wochentag,2
bemerkbar,2
begehrlich,2
ausdrücken,2
anything,2
hinterbein,2
enthüllen,2
kuchen,2
aufstinden,2
vergessenheit,2
einfluß,2
tätowiern,2
auftauchen,2
beherbergen,2
bibelstelle,2
schornstein,2
passend,2
umarmen,2
gerichtshof,2
interessieren,2
einwandfrei,2
kirchenstuhl,2
linie,2
gewichen,2
erloschen,2
liebenswürdig,2
lauf,2
reiche,2
brüllend,2
unschätzbar,2
ansprache,2
websiten,2
garderobe,2
beleben,2
öffnung,2
europa,2
widerschein,2
saftigst,2
schluß,2
protect,2
umkehren,2
woraus,2
hitze,2
interessant,2
speisezimmer,2
würdevoll,2
sperren,2
schwing,2
mittelalterlich,2
lebewesen,2
auslösen,2
schliefe,2
angelangt,2
totzuschlagen,2
bezahlen,2
unaufmerksamkeit,2
concept,2
lock,2
prozent,2
bien,2
fürchterlich,2
lüg,2
drittel,2
unschuldig,2
fortgegangen,2
gentleman,2
plain,2
vanilla,2
chaos,2
erfahrung,2
anrede,2
ascii,2
leichtsinnig,2
enthalten,2
amerika,2
entzückend,2
auszeichnung,2
abgeben,2
siegerin,2
gewissenhaft,2
erlebnis,2
bemühen,2
welle,2
grundlage,2
kristall,2
mittagszeit,2
überkommen,2
registered,2
brannen,2
geduldig,2
stibitzen,2
blitzen,2
bewahr,2
oho,2
vorhergegangen,2
beieinander,2
bestimmen,2
kolossal,2
loben,2
schwärmer,2
umh,2
lachend,2
platzen,2
eifer,2
wußt,2
wilde,2
schmerzenstöter,2
lamm,2
research,2
nachdruck,2
spielplatz,2
wiedersehen,2
seil,2
irdisch,2
strafe,2
gelegen,2
flamm,2
docht,2
aufwärts,2
geschäftig,2
ungewißheit,2
wickelkind,2
möchtst,2
through,2
anzahl,2
armee,2
manuskript,2
copied,2
leichnam,2
zöpfen,2
austeilen,2
niederschmetternd,2
geschmack,2
gebunden,2
zunichte,2
bezeichnung,2
wahnsinnig,2
übung,2
erziehen,2
leichenrede,2
unbenutzt,2
wispern,2
flußufer,2
gegend,2
unaufhörlich,2
hundertmal,2
stiefel,2
fordern,2
lieblich,2
does,2
flamme,2
bücken,2
unverwüstlich,2
contain,2
zusammentreffen,2
behaglich,2
bestimmung,2
räuspern,2
beerdigen,2
zuflucht,2
property,2
ärmel,2
puls,2
unter,2
satz,2
zeitvertreib,2
ziel,2
falltür,2
armes,2
found,2
niedlich,2
schulzimmer,2
wiederzusehen,2
näheren,2
behandeln,2
mußtest,2
danklied,2
auffordern,2
verschlossen,2
insekt,2
warnung,2
auslaufen,2
nearly,2
brave,2
setz,2
verringern,2
erwachsen,2
bekannte,2
schwärmen,2
wimmeren,2
überrascht,2
nähern,2
mäuschenstill,2
hülle,2
märchenhaft,2
inbrunst,2
ostentativ,2
dachstube,2
franklin,1
kriegst,1
mamas,1
entschweben,1
weitaus,1
stillhaus,1
ungesehen,1
dezember,1
tritt,1
eisig,1
dünnhäutig,1
durchbringen,1
bulldogge,1
gewand,1
großmamas,1
ausrangiert,1
stillschweigend,1
verspotten,1
fortnimmen,1
verbrauchen,1
mühn,1
vernichtend,1
lichtgestalt,1
dümmste,1
durchzureißen,1
lieblichkeit,1
überirdisch,1
striegeln,1
geisterspuk,1
tröstend,1
bekleiden,1
könntest,1
verklatsch,1
sonderbares,1
freundin,1
ungestüm,1
klau,1
magisch,1
durchrieselen,1
pastet,1
anmaßen,1
aufgepassen,1
ausgezeichnet,1
nichtkirchlichgesinnt,1
wohnst,1
themata,1
unbemerken,1
sonnenflug,1
mals,1
stampfen,1
körperlich,1
heiratesen,1
hervorzubringen,1
element,1
schämen,1
gefällts,1
sodawasser,1
vernünftig,1
königin,1
expedieren,1
wegnehmen,1
verwüstet,1
verpflichten,1
sermone,1
durchprügeln,1
vorstellend,1
einbüßen,1
besiegen,1
reiz,1
ballsaal,1
verletzend,1
kitzelen,1
schmeichelei,1
jederzeit,1
anderthalb,1
schal,1
wünschend,1
naseweis,1
verlogenst,1
sehnsüchtig,1
jungfer,1
verlockend,1
entzückten,1
bischof,1
gesundheit,1
eintritt,1
bedürfnis,1
moralisch,1
begönnen,1
widerwille,1
schulunterricht,1
haß,1
halber,1
vollständig,1
fortkamen,1
umkreisen,1
bruch,1
ausruf,1
siebenundzwanzigstes,1
revue,1
geflüstert,1
glückstage,1
kämpften,1
aufzupassen,1
unser,1
beifallsklatschen,1
vorlesung,1
bissig,1
benommen,1
religiös,1
schlinggewächsen,1
unheimliche,1
ungepflastert,1
kehr,1
spinnengewebe,1
pulsen,1
siegerinn,1
festlichkeite,1
examen,1
günstling,1
rosig,1
vorgelesen,1
freudenfest,1
besprechend,1
erwartenden,1
betitelen,1
überschwenglich,1
angespannen,1
unverzüglich,1
welcher,1
heimisch,1
auszug,1
unterzogen,1
schriftstück,1
vaterlande,1
rinnen,1
wirbeln,1
leichtherzig,1
jugendschön,1
ausnahmslos,1
längsten,1
leichteste,1
aufrichtet,1
schlenderen,1
frömmsten,1
schwätzchen,1
spatenstich,1
ausgehoben,1
prophet,1
schatzsuchen,1
betrübten,1
vonnöten,1
einundzwanzigstes,1
tänze,1
dummer,1
berauschend,1
irrweg,1
geheimnisvolle,1
machwerk,1
besudelt,1
himmelsraum,1
vorwiegend,1
schwarzäugig,1
dunkelhäutig,1
tradition,1
teuer,1
aufsätz,1
schmähen,1
titelblatt,1
aufdringlich,1
geworden,1
klagend,1
tönte,1
verschwenderisch,1
meide,1
grabesstimm,1
streitfrage,1
hervordrang,1
erfuhren,1
scheidend,1
holzstrunk,1
geschwollen,1
überein,1
verabredet,1
aufklärung,1
inhalt,1
schwarzhaarig,1
weiblich,1
zittert,1
himmelszelt,1
beruhigend,1
vision,1
eckchen,1
gewahren,1
vorfahr,1
gehalten,1
tragisch,1
übermalt,1
kreuzzüg,1
freundschaft,1
religion,1
kultur,1
ausdrucksvoll,1
schafsköpf,1
umzuwenden,1
vergleich,1
politisch,1
staatsform,1
scheide,1
abgeschätzen,1
nutzanwendung,1
höllisch,1
aufstöber,1
sogenannter,1
rausstrecken,1
krampfhaftest,1
vortrat,1
beleidigend,1
tugend,1
rangeschlichen,1
herrühren,1
frömmigkeit,1
verdauung,1
gucken,1
pille,1
bläs,1
knirsch,1
verfasserin,1
enthusiastisch,1
herumhuschen,1
morden,1
verlogenheit,1
hinuntergekommen,1
gedicht,1
vorlesen,1
hineinwerfen,1
toter,1
verschluß,1
glut,1
dorfschulmeister,1
abpassen,1
armut,1
moralpauk,1
womit,1
auroras,1
lieblingswunsch,1
frischen,1
abschloß,1
unbefriedigt,1
rumfliegen,1
rauschen,1
erfassen,1
umzusehn,1
hintun,1
achthaben,1
hegen,1
meiden,1
beseitigen,1
schneid,1
zurückrufen,1
beredsam,1
errettung,1
fahnden,1
lineal,1
kette,1
hereingebracht,1
unbeteiligt,1
daesnaß,1
heimsuchen,1
sitzung,1
traktätchen,1
gerichtspersonen,1
papierknistern,1
umständlichkeite,1
korb,1
bewirken,1
schülerinn,1
prüfung,1
lesend,1
examenstage,1
nahn,1
schafsmäßig,1
sündhaftigkeit,1
hohläugig,1
spitzwerk,1
zweiundzwanzigst,1
zusammenkommen,1
musselin,1
taxieren,1
allzuhoch,1
mächte,1
geschworener,1
himmlisch,1
tyrannei,1
herannahen,1
zustande,1
donnerschläg,1
hertreiben,1
busen,1
barg,1
großmama,1
davonrannen,1
verhör,1
seinige,1
geschworene,1
geerbt,1
begabe,1
aussuchen,1
fromm,1
wiedergeburt,1
bestrafen,1
verschämt,1
verblüffung,1
unzufriedenheit,1
murr,1
lispelen,1
rachegedank,1
entree,1
teppich,1
arrest,1
bemerklich,1
zuerteilung,1
verschärfung,1
zurechtweisung,1
seitens,1
mitleiderregend,1
vorsitzend,1
sachlage,1
entringen,1
knicks,1
zusammenschrumpfen,1
ehren,1
annähernd,1
zirkusspielen,1
phrenologe,1
konntesen,1
taschenspieler,1
weicheren,1
tatort,1
oftmals,1
abgemessenen,1
lebewe,1
veränderung,1
begleitend,1
ängstigen,1
unwille,1
gezwungen,1
mordplatz,1
verbeugung,1
lichtseite,1
gravierend,1
produzieren,1
vergessend,1
reisen,1
konstantinopeler,1
verräterei,1
öd,1
glaubwürdig,1
leinen,1
verbrachen,1
daniel,1
entzückt,1
beihilfe,1
berechnen,1
kriegn,1
schimpfen,1
bedrückt,1
blutgierig,1
aufgeknüpfen,1
lynchen,1
alleinig,1
freikäm,1
hecken,1
anbrechen,1
mordprozeß,1
kümmernis,1
gabe,1
entlasten,1
aufgestört,1
verschwörung,1
feston,1
langeweile,1
treulos,1
prediger,1
hinreichend,1
vierundzwanzigstes,1
geklatsch,1
behaglicher,1
schwuren,1
fragst,1
erfüllet,1
kleinste,1
eide,1
gerat,1
taugen,1
nicker,1
worüber,1
examenstag,1
festlich,1
verletzen,1
zulegen,1
vorbereiten,1
leidensgefährt,1
girlande,1
weniger,1
schüttelen,1
anlaß,1
stiehlen,1
thronen,1
gemeinsam,1
kraftverschwendung,1
geräumig,1
ausgiebig,1
losbrechen,1
zwingend,1
rachetat,1
müßiggänger,1
vergeltung,1
unwetter,1
schlinge,1
stöpsel,1
dorfgespräch,1
feststehen,1
bessern,1
antrieb,1
toben,1
rachebrüt,1
erwartend,1
gewitter,1
mißbehagen,1
bedachen,1
kanon,1
spruch,1
teilnehmen,1
schmählich,1
zettelen,1
hineinzugehen,1
sessel,1
fischplatz,1
erhöht,1
erdulden,1
verzehrend,1
würdenträger,1
melone,1
verurteilen,1
kampfplatz,1
schreckliche,1
mörderin,1
linke,1
zwecklos,1
schonen,1
trinkt,1
ran,1
geschlagen,1
stang,1
übernächster,1
antreiben,1
menschenalter,1
begeistert,1
tracht,1
senator,1
versteckt,1
gähnt,1
lernende,1
unternehmen,1
dreiundzwanzigst,1
gemurmel,1
nickend,1
nachbildung,1
beispiel,1
kapital,1
glücklicher,1
schulmädelmanier,1
prinzip,1
poesie,1
prosa,1
betiteln,1
vorführen,1
entnehmen,1
änderung,1
lateinklas,1
überfluß,1
anspruchsvollen,1
herausnehmen,1
überfiel,1
hauptschlager,1
fingern,1
louis,1
prunken,1
schnüffelte,1
angehörige,1
berufsklasse,1
verein,1
perle,1
besorgnis,1
sechsundzwanzigstes,1
leseübung,1
hinstürzen,1
normal,1
lähmen,1
unmittelbarkeit,1
veranlagt,1
tatkraft,1
durchbohren,1
furchtsamen,1
tabakkauens,1
enthaltsamkeit,1
hilflosen,1
gegossen,1
aufzuspringen,1
gegenwärtig,1
messingtopf,1
extra,1
verschmähn,1
geographieklas,1
wandtafel,1
karte,1
publikum,1
kennn,1
rumhüpfen,1
grenze,1
studium,1
hüpfe,1
nunmehr,1
üblich,1
nachtmütze,1
überwiegen,1
zahl,1
für,1
spektakelnd,1
bucklig,1
webster,1
ausbaden,1
glänzten,1
findst,1
originalaufsatz,1
satzzeiche,1
färben,1
herausreden,1
entwickelung,1
goldig,1
zerstreutheit,1
tintenkleckse,1
trophäe,1
kralle,1
dachtst,1
trippelten,1
schadenfreude,1
heruntergelassen,1
ausgeben,1
zusammengehalen,1
lobenswert,1
gelegt,1
vergilbt,1
mädchenseite,1
hiero,1
beachtung,1
massenhaft,1
wiederaustritt,1
unschuldigst,1
unabhängigkeitserklärung,1
william,1
lähmende,1
grabe,1
unmerklich,1
erleuchtung,1
innerhalb,1
begleitung,1
rebekka,1
tagebuch,1
langweilen,1
eure,1
vervollständigen,1
reizlos,1
hattet,1
sprich,1
zaghaft,1
achtungsweren,1
machtlosigkeit,1
deck,1
skelett,1
vorlegen,1
zutrug,1
horses,1
staune,1
deklamatorisch,1
wahnwitzig,1
verhandlung,1
benton,1
einflusse,1
geistesverwirrend,1
übermäßig,1
trunk,1
umzug,1
regnen,1
gerichtsdiener,1
unverhohlen,1
vorschriten,1
gewiss,1
erregt,1
verwundert,1
donnernd,1
zeugenloge,1
verstört,1
eidesformel,1
juni,1
sängergesellschaft,1
fürchtet,1
vergiß,1
stammelnd,1
angehalten,1
brett,1
rekonvaleszent,1
abscheulich,1
probe,1
spiegel,1
hervorzuholen,1
benjamin,1
beamter,1
totenbett,1
schuldbewußtsein,1
stecknadel,1
bindendst,1
furchtbarsn,1
eiden,1
beichten,1
rasse,1
friedensrichter,1
dankesbezeugungen,1
belohnung,1
ehrfurchtgebietend,1
frazer,1
assurs,1
verstimmen,1
josef,1
qual,1
zukünftig,1
fünfundzwanzigstes,1
hernied,1
druckerschwärze,1
bisherig,1
blättchen,1
verneinung,1
susan,1
eignen,1
verherrlichen,1
verlästern,1
beteiligung,1
paradieren,1
sinnesänderung,1
prüfend,1
tortur,1
haßerfüllten,1
anbruch,1
hinauszugehen,1
gerichtsverhandlung,1
resignieren,1
szenerie,1
jubeln,1
inspektion,1
hintanhalten,1
ungesund,1
phantasieren,1
disputieren,1
dörfch,1
sechsunddreißigstes,1
verfügten,1
grundbesitz,1
zwölftausend,1
belaufen,1
mein,1
ausrufe,1
spannend,1
laute,1
unartikuliert,1
meins,1
schütten,1
unbeenden,1
verhexte,1
durchstöbern,1
grundmauer,1
biographisch,1
ermöglichen,1
schulbesuch,1
ernähren,1
wöchentlich,1
jahr,1
einkommen,1
skizze,1
käseblättchen,1
bloßgelegen,1
begabung,1
spräch,1
lupe,1
beilegen,1
bewundern,1
feiern,1
unromantisch,1
abschleppend,1
vermeintlich,1
anschießen,1
lebensart,1
strümpfe,1
hemden,1
antun,1
gewänder,1
redakteur,1
pfarrer,1
rogerses,1
karre,1
besuchszimmer,1
beunruhigt,1
zusammenzuscharren,1
ziegelstein,1
sputen,1
drachenlein,1
leihn,1
taylor,1
benny,1
zieht,1
fünfunddreißigstes,1
sonntagskleider,1
bescheidenheit,1
übergeben,1
anständig,1
gesittet,1
entsetzlich,1
jetziger,1
verzweifelen,1
mäßig,1
zusammengesteckt,1
kleidern,1
seitentischche,1
speisetafel,1
püffe,1
davongemachen,1
anvertraun,1
raten,1
siddy,1
tochter,1
sichtlich,1
heldenhaft,1
edl,1
zusammenhalen,1
zusammentrommeln,1
bereden,1
ausschließen,1
herzöge,1
nobel,1
noblere,1
todsicher,1
abgebrachen,1
reichsein,1
ersah,1
übern,1
tollheit,1
versuchsen,1
unanständig,1
ingrimm,1
kratzen,1
vierteilen,1
einsamst,1
unterzeichnen,1
one,1
purpos,1
easy,1
very,1
apply,1
rules,1
special,1
royalteisen,1
prinen,1
verfaul,1
renamed,1
previous,1
replace,1
end,1
mehren,1
vorkommend,1
unreif,1
brüllen,1
baden,1
fischen,1
gesetzesschule,1
gabel,1
striegelen,1
dienerschaft,1
hineingezerren,1
hineingestoßen,1
einführen,1
ausbilden,1
militärschule,1
teller,1
national,1
gesetzgeber,1
aufstampfen,1
wahrheitsliebe,1
washington,1
george,1
großmütig,1
schüssel,1
manierlich,1
ausnahme,1
pass,1
aufsteht,1
ißt,1
hinuntergerutscht,1
kellertreppe,1
hinwerfen,1
durchzulassen,1
schrubben,1
verursachten,1
kultivierung,1
schalt,1
pittoresk,1
golden,1
ungewasch,1
fristeten,1
fässer,1
achtundvierzig,1
hinlauf,1
bewechen,1
schmaus,1
hauptfrage,1
farm,1
vergleichen,1
sehenswürdigkeit,1
reisende,1
heutig,1
wassertropfe,1
hilflose,1
zehntausend,1
fünftausend,1
sage,1
lexington,1
blutbad,1
aussegeln,1
columbus,1
eroberer,1
christi,1
kreuzigung,1
runde,1
beerdigung,1
petition,1
wasserwerke,1
hinterlassen,1
nachschlich,1
schenke,1
schnapswirt,1
fandst,1
verfinsteren,1
unterredung,1
begnadigungsgesuch,1
begnadigung,1
schwächlinge,1
eselei,1
bestürmen,1
murren,1
komitee,1
tagen,1
gerührt,1
rom,1
troja,1
pyramide,1
aha,1
klinge,1
blutmensche,1
schuft,1
vollgestopft,1
bootsladung,1
vierunddreißigstes,1
drinnen,1
gespritzen,1
durchschnitten,1
verwahrung,1
schloß,1
bänder,1
eichentür,1
wieso,1
ironisch,1
wiederherstellung,1
grundbalk,1
schwelle,1
vierundzwanzig,1
undenklich,1
auffing,1
herunterfallenden,1
uhrwerk,1
ausgehöhlt,1
wassertropfens,1
herausgebilden,1
tropfsteingebilde,1
zusammengesucht,1
härte,1
zurückgelassen,1
kerzenreste,1
ablenken,1
durchzwängen,1
steinwall,1
machtlos,1
hindernisses,1
säß,1
zurückkommend,1
lugten,1
allmächtiger,1
striche,1
nachgraben,1
fußspur,1
unterm,1
vorfanden,1
huhn,1
knochen,1
abgenagt,1
schinkenschwart,1
wolldecke,1
befindliche,1
basis,1
bewußter,1
höhlung,1
lehmwand,1
stufe,1
beweisführung,1
bretter,1
forschen,1
geradeswegs,1
fortschaff,1
sumachgebüsch,1
orgie,1
gewehr,1
laßn,1
verpacken,1
herzunehmen,1
beutel,1
pfund,1
hinterdrein,1
wühlend,1
heruntertropfend,1
durchnassen,1
mocassin,1
flint,1
pulverbehälter,1
wendung,1
umgehn,1
schafsköpfe,1
beschlich,1
höhlenbucht,1
schick,1
verborgenst,1
sumachbüsche,1
herausgekrochen,1
kennzeichen,1
erdrutsch,1
schroff,1
abwesend,1
zahlen,1
liehen,1
neuartig,1
zurückrudern,1
hinfahren,1
meinetwege,1
rausholen,1
mitgehn,1
räuberbande,1
festhalten,1
mißbehag,1
kerzendocht,1
befürchten,1
wa,1
hinhalten,1
lehmabhang,1
abgrund,1
erlöschen,1
aufflacker,1
klebend,1
uhr,1
schauder,1
befestigten,1
kriechen,1
herangekommen,1
schmeißen,1
weiber,1
verlieben,1
creation,1
derivativ,1
report,1
depends,1
permanent,1
secure,1
come,1
remain,1
ensuring,1
goals,1
reaching,1
critical,1
need,1
assistance,1
financial,1
lifen,1
walks,1
hundreds,1
because,1
exists,1
obsolen,1
learn,1
more,1
educational,1
deductible,1
nj,1
montclair,1
plaza,1
watchung,1
office,1
business,1
extent,1
contributions,1
corporation,1
identification,1
service,1
revenue,1
internal,1
exempen,1
granted,1
organized,1
variety,1
readable,1
synonymous,1
disclaimers,1
invalidity,1
maximum,1
interpreted,1
violat,1
damager,1
types,1
exclusion,1
allow,1
provision,1
some,1
purpose,1
fitness,1
merchantability,1
express,1
fix,1
opportunities,1
unenforceability,1
void,1
deletions,1
harmless,1
additions,1
modification,1
alteration,1
occur,1
indirectly,1
directly,1
arise,1
promotion,1
remaining,1
production,1
employee,1
agent,1
hold,1
indemnify,1
indemnity,1
provisions,1
usa,1
survive,1
demand,1
widespread,1
could,1
library,1
originator,1
michael,1
donaten,1
card,1
checks,1
ways,1
addresses,1
methods,1
donation,1
current,1
pag,1
web,1
staff,1
swamp,1
alone,1
shared,1
forty,1
years,1
main,1
newsletter,1
subscribe,1
produce,1
includ,1
facility,1
search,1
pg,1
paper,1
loose,1
necessarily,1
thus,1
confirmed,1
several,1
often,1
volunteer,1
network,1
treatment,1
statements,1
gratefully,1
important,1
charitable,1
charities,1
regulating,1
committed,1
irs,1
exempt,1
maintaining,1
particularly,1
paperwork,1
outdated,1
array,1
accessible,1
licensed,1
increasing,1
out,1
carry,1
takes,1
meet,1
international,1
prohibition,1
offers,1
us,1
approach,1
donors,1
unsolicited,1
accepting,1
against,1
know,1
location,1
solicitation,1
met,1
contribution,1
whil,1
determine,1
send,1
confirmation,1
furth,1
defectiv,1
performances,1
means,1
linked,1
imposed,1
both,1
eith,1
appearing,1
charges,1
indicating,1
derived,1
onlinen,1
viewed,1
performed,1
displayed,1
accessed,1
whenever,1
active,1
representation,1
mak,1
beginning,1
unlink,1
detach,1
compressed,1
version,1
however,1
hypertext,1
processing,1
word,1
proprietary,1
nonproprietary,1
binary,1
remove,1
convert,1
activ,1
redistribute,1
distribut,1
perform,1
display,1
containing,1
downloading,1
addition,1
change,1
understand,1
follow,1
few,1
whom,1
possession,1
cease,1
abide,1
accept,1
indicate,1
pglaf,1
reading,1
commercial,1
especially,1
subject,1
practically,1
giv,1
modified,1
preserve,1
compilation,1
constant,1
attached,1
countries,1
what,1
govern,1
place,1
others,1
share,1
when,1
sam,1
unprotected,1
easily,1
sharing,1
hope,1
course,1
long,1
prevent,1
claim,1
expense,1
exporting,1
opportunity,1
request,1
party,1
described,1
codes,1
virus,1
disk,1
damaged,1
infringement,1
errors,1
transcription,1
data,1
corrupt,1
inaccurat,1
incomplen,1
defects,1
stored,1
on,1
despit,1
disclaim,1
remedies,1
negligence,1
punitive,1
choose,1
elect,1
sending,1
receiving,1
discover,1
possibility,1
incidental,1
consequential,1
strict,1
indirect,1
direct,1
actual,1
liable,1
distributor,1
those,1
contract,1
proofread,1
transcriben,1
identify,1
method,1
each,1
day,1
agreed,1
owed,1
taxes,1
calculate,1
already,1
calculated,1
legally,1
deriv,1
profits,1
pay,1
reasonable,1
viewangen,1
include,1
alternat,1
prepare,1
required,1
expend,1
discontinue,1
employees,1
manager,1
different,1
group,1
wish,1
reported,1
discovered,1
possessed,1
prepar,1
require,1
notifies,1
address,1
sent,1
clearly,1
should,1
periodic,1
vierzehn,1
verbieten,1
bewundernd,1
unbestimmte,1
kalkmauer,1
solide,1
eiskeller,1
massiv,1
buchstaben,1
geradenwegs,1
zusammenraffen,1
breitästig,1
ruhepause,1
erfrischend,1
vernichtung,1
ausflügler,1
anwenden,1
unzugänglichst,1
teil,1
entlegenst,1
gestatten,1
eingefassen,1
feuchtigkeit,1
grüne,1
verzweigt,1
kalkbeschmieren,1
bespritzen,1
zurückgeschlenderen,1
herumstreifen,1
nebengänge,1
hauptgang,1
irren,1
douglashöhle,1
laubmasse,1
felswände,1
hinab,1
jagd,1
ausblasen,1
verteidigung,1
eindruck,1
hinauszuschauen,1
anziehungskraft,1
projekt,1
kranke,1
programm,1
vorfreude,1
gesamt,1
versenden,1
sonnenuntergang,1
willigen,1
festzusetzen,1
versprochen,1
erbettelten,1
tadellos,1
spielend,1
verlebt,1
sekundär,1
zurückgekommen,1
freitagmorg,1
dreißigst,1
hinsetzen,1
ständ,1
wachhalten,1
teilnehmer,1
freudestrahlend,1
rauf,1
oberhand,1
behielen,1
beredsamkeit,1
verlockender,1
gastfreundschaft,1
solltst,1
eiscrem,1
treib,1
fittich,1
benimm,1
überfahrt,1
leisten,1
bepackt,1
vorratsbeutel,1
mieten,1
dreiundzwanzig,1
berauscht,1
schiffsglocke,1
gemahnen,1
fracht,1
tagesgrauen,1
einunddreißigstes,1
büchse,1
wohlbewaffnet,1
georg,1
hineingelassen,1
spektakeln,1
handfest,1
gestreckt,1
traben,1
knacken,1
tastend,1
balanzierend,1
sollt,1
läufts,1
desto,1
bring,1
sonntagsmorgen,1
hinaufgeschlichen,1
inwohner,1
losgingen,1
treibjagd,1
konstabler,1
halunke,1
niese,1
schußfertig,1
pistole,1
niesen,1
lief,1
leiser,1
zudem,1
kleideen,1
enakssöhne,1
schlußworte,1
angenehmsten,1
herumstreicher,1
willkommen,1
verstehsen,1
davonläufst,1
rechnung,1
verlöschen,1
glitt,1
sprechend,1
gangtür,1
narren,1
erlosch,1
gespenst,1
fußgänger,1
wagengerassel,1
hinaufführen,1
bewölkt,1
zehmen,1
vorbeiglitten,1
wachposten,1
versäumt,1
deut,1
abstassen,1
flußstraße,1
schwenken,1
festbinden,1
umbringen,1
behalt,1
fratze,1
töt,1
zuvorgekommen,1
peitschen,1
pfennig,1
busch,1
warnen,1
unheilverkündend,1
ermorden,1
ausreißen,1
hucks,1
tödlicher,1
fremden,1
umfallen,1
räusperen,1
rauszuholen,1
rausgehen,1
verwünscht,1
gesunken,1
vorhin,1
herd,1
münze,1
hineingebrochen,1
hilf,1
freust,1
verständigungsmittel,1
kopfzerbrechen,1
glücklichst,1
sechshundert,1
übertreffen,1
vergaßen,1
aufwühlend,1
letzterem,1
herdsteine,1
herzukommen,1
sechshundertundfünfzig,1
hantieren,1
eisenbänder,1
angefressen,1
ohnmächtig,1
dachn,1
ersteigen,1
hergebracht,1
handwerkszeug,1
hinausspähend,1
überleg,1
aufwühlen,1
erdspur,1
murrel,1
niedergeschlagenheit,1
hiermit,1
brut,1
hure,1
flammend,1
rauben,1
hausen,1
fortnehmen,1
ausgeschlafen,1
schläfer,1
letzthin,1
augengläser,1
räuberhut,1
flattern,1
bart,1
struppig,1
serape,1
einladenden,1
kauern,1
ungeniert,1
rühr,1
maul,1
schneeweiß,1
unternehmungslust,1
verfall,1
gerät,1
ermutign,1
hereinkamen,1
höhnen,1
zählend,1
warte,1
niederkaueren,1
holzboder,1
aufwachten,1
atemzug,1
erleichtert,1
anläßt,1
rumgeschnüffeln,1
hingehörst,1
waschlappe,1
stromaufwärts,1
gedankenvoll,1
zuckn,1
auszuziehen,1
mißglückt,1
säh,1
espenlaub,1
knarrend,1
brechend,1
fass,1
trümmer,1
zudecken,1
blechlaterne,1
donnerstagnacht,1
bewölken,1
vordere,1
bewachend,1
gasthof,1
neunundzwanzigst,1
folg,1
folgst,1
zusammentragen,1
rausgekriegen,1
spuke,1
näheres,1
hineingehe,1
wirt,1
bewohnen,1
gasthaus,1
schildwache,1
verunglücken,1
entferntester,1
zinnbecher,1
drangekriegen,1
wachte,1
sahsen,1
cäsar,1
einsetzen,1
geschützt,1
schnelligkeit,1
hinauflocken,1
meilen,1
zurufend,1
herangerast,1
einatmen,1
fähig,1
witternd,1
unheil,1
advokat,1
wiederkomm,1
goddam,1
verhängnis,1
leidensgefährte,1
annahme,1
einigen,1
umfallend,1
sondieren,1
racheplan,1
terrain,1
bitteres,1
zerrann,1
vorfinden,1
schöpfen,1
spate,1
heimweg,1
gebälk,1
zuziehen,1
fluchend,1
achtundzwanzigstes,1
überdenkend,1
nachschleichen,1
möglicherweise,1
losging,1
grünäugig,1
verrücktwerden,1
spat,1
aufsuchen,1
hinunterschlingen,1
abgeschüttelt,1
klarer,1
dalagn,1
schillinge,1
lebenslage,1
existieren,1
namentlich,1
vergangen,1
unklar,1
undeutlich,1
abzusuchen,1
galgenvögel,1
rumgeschlichen,1
anscheinend,1
vorschlagen,1
brannten,1
wiedersagen,1
zaubert,1
überzugehen,1
bekümmert,1
hohn,1
argument,1
verbraucht,1
ermunternd,1
aufheiterung,1
zermartern,1
versagt,1
beschleunigen,1
herbeirufen,1
fortschritt,1
fortzubeweg,1
widersprechen,1
hochzeitskuchen,1
hochzeitskuche,1
hingegeben,1
rauchsäule,1
erbarmungslos,1
beobachtet,1
kerzenrestchen,1
sonntagmorgen,1
anfall,1
heimkommen,1
besinnung,1
unvollenden,1
zurückgingen,1
hauchen,1
trinkwasser,1
totenblaß,1
beschluß,1
herumknapperen,1
appetit,1
geltend,1
sparsamkeit,1
bleisen,1
entgingen,1
irrgarten,1
westlich,1
südlich,1
nördlich,1
umwandern,1
düster,1
unterirdisch,1
löschen,1
merkmal,1
fledermaus,1
auftuend,1
losstürzend,1
quiekend,1
hundertweise,1
hängend,1
fledermäusen,1
verlaufen,1
anstellten,1
mißlingen,1
fleht,1
überlassend,1
zufall,1
ziellos,1
aufraffen,1
wei,1
herzzerreißend,1
unsicherheit,1
hundertfach,1
durchforschen,1
dröhnen,1
zurückgehen,1
schmiegen,1
öffnend,1
nachforschen,1
mißlungen,1
ermutigend,1
aufsteigen,1
totenähnlich,1
ruhelos,1
kuchenhälfte,1
anbringend,1
hie,1
sofa,1
herumirrend,1
glücksnachricht,1
bote,1
überschwemmend,1
gerettete,1
heranziehen,1
zuliefen,1
hörner,1
blechpfann,1
verschlafen,1
halbbekleidete,1
glockengeläut,1
ertönt,1
versunken,1
untersucht,1
zukroch,1
umgekehrt,1
dunkelwerden,1
sonntags,1
zulassen,1
durchgemacht,1
herumkriechen,1
bemerkten,1
abschütteln,1
geleiteten,1
schildern,1
aufzuregen,1
verhungert,1
anrief,1
dasaßen,1
hindurchgeholfen,1
gekrochen,1
tagesschein,1
hingekroch,1
kissen,1
delirium,1
suchenden,1
retter,1
felskante,1
untätigkeit,1
seitengang,1
erwechen,1
verging,1
heiser,1
verklung,1
platt,1
abfallend,1
hinüberkommen,1
zahlreich,1
vorwärtskommen,1
entsprechend,1
erweckten,1
krümel,1
aßen,1
abwickelten,1
tasten,1
ungehört,1
empfindungslosigkeit,1
wieviel,1
totenschlaf,1
ablösen,1
dreiunddreißigstes,1
kommende,1
kriechend,1
ausweg,1
einerleis,1
haltend,1
tödlich,1
besorgt,1
erschlafft,1
unkenntlich,1
aussage,1
davonmachen,1
triumphgeschrei,1
wassertropfen,1
jahrtausend,1
aussehend,1
instandgesetzen,1
heraufklettern,1
abholen,1
gewißheit,1
selbstbeherrschung,1
zuvieler,1
vermuten,1
forttrage,1
gartenzaun,1
zurechtbringen,1
reinkommen,1
balanze,1
zitterst,1
doktorrechnung,1
bar,1
sonntagsschulbücher,1
unsinnig,1
klemme,1
bedanken,1
madam,1
hauptsache,1
heimfahrt,1
satteln,1
einbrecher,1
episode,1
ortschaft,1
ringen,1
ohnmacht,1
vergewissern,1
merklich,1
zerbrechen,1
blasser,1
abrechnung,1
leichenblaß,1
abends,1
blieb,1
hinunterschreiten,1
schulferien,1
dachtesen,1
freun,1
schien,1
lehn,1
nasenlöcher,1
dunkeln,1
vorhätten,1
konntst,1
rauchte,1
tragend,1
angeschlichen,1
nachdenkend,1
euren,1
einwenden,1
ungehobelt,1
unverfänglich,1
kamen,1
wünschsen,1
aufspüren,1
traf,1
aufschneiden,1
mißgriff,1
unsagbar,1
erwähnen,1
nanu,1
zögerte,1
aufgerissen,1
bleich,1
wäre,1
blutspuren,1
kampfstelle,1
weißer,1
größtmöglich,1
sprachst,1
ohrenstutzen,1
nasenaufschlitzen,1
ehrlich,1
beschützen,1
haften,1
erraten,1
bemannen,1
zweihundern,1
tropfstein,1
grauen,1
einklemmen,1
wasserfall,1
unveränderbar,1
gehüllt,1
niagara,1
jahrhundert,1
kalkstückchen,1
herunterrieselnd,1
geröll,1
kerzenrauch,1
inschrift,1
weitertrieben,1
plaudernd,1
verzieren,1
lasen,1
motto,1
postort,1
begierde,1
entdecker,1
rauchzeichen,1
münden,1
geformt,1
phantastisch,1
hallenartig,1
glänzenden,1
eisschicht,1
becken,1
bezaubernd,1
verwundernd,1
abgründe,1
herunterhingen,1
umfange,1
länge,1
tropfsteine,1
schimmernder,1
oberwelt,1
quer,1
datum,1
verdeckt,1
spinnwebe,1
vormittag,1
ruß,1
besucht,1
hinuntergesenden,1
pistolenschüsse,1
irrgäng,1
absuchen,1
vordringen,1
stammen,1
zerstören,1
kreatur,1
mißachten,1
beste,1
arzt,1
irreredend,1
hergerichten,1
beschmieren,1
andenken,1
behaupten,1
hochgehalten,1
erzeugt,1
felsgasse,1
gewunden,1
ausgestattet,1
kathedrale,1
gesellschaftszimmer,1
kehre,1
zweiunddreißigstes,1
lieg,1
lichtschein,1
zusperren,1
bejahen,1
fürchtend,1
schlimme,1
unerhören,1
besitzer,1
freudenrufen,1
kleidungsstück,1
sitzbäder,1
nachsehn,1
sommerhitze,1
schnappen,1
lefzen,1
dreister,1
fund,1
wedeln,1
schwanz,1
gelangweilen,1
herrenlos,1
schnellen,1
kurzerhand,1
aufzustehen,1
unfähig,1
strampelnd,1
verwundet,1
nasenstüber,1
tüchtiger,1
prozedur,1
nächstsitzend,1
andacht,1
hilfesuchend,1
bahn,1
dulder,1
getrieben,1
weltenraum,1
komet,1
behaart,1
altar,1
schnappten,1
geheimem,1
fuchtelen,1
vorderpfot,1
zusprang,1
angriff,1
brütet,1
taschentücher,1
fach,1
beißen,1
kinnback,1
ungeheuer,1
abweichung,1
überrock,1
fesselen,1
angewachsen,1
aneinanderreiben,1
marteren,1
unnobel,1
althergebrachten,1
beisätze,1
schlußbetrachtung,1
eingeschoben,1
passus,1
detail,1
kleiderraschel,1
amen,1
frucht,1
hundertfältig,1
toilette,1
schlußsatz,1
ama,1
kriegsgefangen,1
zahm,1
darstellen,1
unsichtbar,1
heldendarsteller,1
moral,1
paradiese,1
schaf,1
wiedersehe,1
schilderung,1
obacht,1
angeben,1
nichtig,1
schwefel,1
mancher,1
langweile,1
stockend,1
beeinflussen,1
leder,1
anhänger,1
mütter,1
paria,1
gestürzt,1
traube,1
saur,1
ausspucken,1
heuchelnd,1
verehrung,1
bewunderen,1
geschnitten,1
beiwohnen,1
vorführung,1
gefolge,1
auszuspucken,1
befähigen,1
zahnreihe,1
unerzogen,1
freies,1
unheilig,1
tragband,1
frühling,1
anerkennen,1
schlechtem,1
sozusagen,1
luftleer,1
sackartig,1
hosenboden,1
knöpfe,1
ungehindert,1
baumelen,1
herunterhängend,1
fetzen,1
aushalt,1
jahrelang,1
erwachsener,1
abgelegt,1
bummeln,1
marterwerkzeug,1
zahnärztlich,1
grübelt,1
reserve,1
improvisation,1
starter,1
anzufangen,1
oberzähne,1
hinzugeben,1
kolik,1
fronarbeit,1
scheinst,1
sklaverei,1
feiertage,1
unterbrechend,1
seufze,1
eröffnen,1
fortschleppe,1
beißzange,1
entsann,1
bettdecke,1
unterziehen,1
felsenfest,1
bettelt,1
faden,1
kleinlaut,1
töricht,1
wehe,1
bebten,1
stirbt,1
eingebilden,1
fortgelaufen,1
türklink,1
stör,1
stöhn,1
vorübergehen,1
anzustarren,1
sog,1
dereinst,1
orient,1
seufzenden,1
staunenswerte,1
übertragung,1
beitragen,1
einsahen,1
beleidigter,1
bestaunen,1
kreisrichter,1
jahrzehnt,1
ausposaunt,1
listig,1
himmelsgegende,1
auserwählter,1
heiterm,1
wiederzuhaben,1
deutsche,1
wunderkinder,1
bibelpreis,1
verachteen,1
betrüger,1
monarch,1
grämen,1
stammelen,1
anbeten,1
teils,1
gaumen,1
kleben,1
eifersüchtig,1
verflog,1
überstiegen,1
anführen,1
aufgespeichert,1
bibelverse,1
walten,1
hierbei,1
instinkt,1
schwung,1
salbung,1
vollgemachen,1
glanze,1
wärmen,1
hervorriefen,1
erteilen,1
geschäftigkeit,1
möglichste,1
geltung,1
jingo,1
verwandt,1
gerichtet,1
scheu,1
richterlächel,1
zinndach,1
staatshaus,1
konstantinopel,1
stoff,1
beendigung,1
erweisen,1
ehrenbezeugung,1
fällt,1
urteil,1
winke,1
bücherverwalter,1
gezänk,1
papierkugel,1
klassenpult,1
vorliebe,1
beiderlei,1
lehrend,1
sorgfalt,1
ermahnung,1
streichelen,1
warnend,1
lehrerin,1
vorgesetzter,1
vollführn,1
bücherbrett,1
klappern,1
husten,1
nenne,1
beizubringen,1
beliebt,1
vorzutragen,1
kirchlich,1
vorleser,1
herunterplumpsen,1
springbrunnen,1
abbrach,1
herausstoßung,1
kirchenchor,1
willie,1
kicheren,1
wisper,1
nachzügler,1
mahnung,1
vollzählig,1
verachten,1
sorgsam,1
ladies,1
verdrehn,1
schüttelte,1
liede,1
joch,1
seefahrer,1
sturmumtost,1
staatsdiener,1
kongreß,1
behörde,1
leutselig,1
zeitalter,1
seltsam,1
weltlust,1
tausenderlei,1
meeting,1
tagesbericht,1
sprague,1
reverend,1
mufferson,1
spießrute,1
kenntnis,1
röt,1
aufsicht,1
sonntagsschulkinder,1
herbeizuströmen,1
morgenpredigt,1
nächstenliebe,1
goliath,1
david,1
erwählt,1
schutztruppe,1
kennsen,1
schenken,1
anfeueren,1
anhalten,1
heimatsdorf,1
verdanke,1
zurückblicken,1
plazieren,1
gichtbrüchig,1
postmeister,1
unnütz,1
öltriefend,1
raspelnd,1
süßholz,1
vestibül,1
ladendiener,1
herzensbrecher,1
firlefanz,1
riverson,1
lawyer,1
verschwenderischsen,1
festlichkeit,1
gastfreie,1
steinerne,1
obenauf,1
ortsrichter,1
herbst,1
worte,1
bedauernd,1
belästigen,1
verschwände,1
fortging,1
zurückzutreiben,1
lebenselement,1
niederdrücken,1
valet,1
sonntagsschulzeugnis,1
fächelen,1
abscheu,1
schlummern,1
hodges,1
jimmy,1
eitel,1
ellbog,1
alleinsein,1
pochen,1
zurückkäme,1
posse,1
sturmgeist,1
blutdürstig,1
kohlschwarz,1
durchfurchen,1
schäumend,1
schaudern,1
großartiger,1
gefährte,1
einbrechen,1
bemalt,1
gemalen,1
beschreien,1
kriegspfad,1
prärie,1
büffel,1
kriegserfahrener,1
disponieren,1
romantik,1
dumpfheit,1
nachmittagsluft,1
lüftchen,1
zauberformel,1
wähln,1
versteht,1
heirate,1
fürchte,1
kuß,1
flüchten,1
fortwenden,1
schlang,1
blätterdach,1
zustimmung,1
küss,1
möchtesen,1
unmeng,1
putzen,1
vielmal,1
viermal,1
spazierengehen,1
verlobter,1
belehrt,1
süßest,1
moosbank,1
mansion,1
jugendlicher,1
weitverbreiteter,1
flußarme,1
nachmittagsunterricht,1
mitfühlend,1
hinunterschlucken,1
hausgerät,1
kostbarst,1
entgegenkommen,1
nachkommen,1
schwankend,1
abschlagen,1
schmeicheleie,1
dreimaster,1
flagge,1
sittsamen,1
prompt,1
bekommsen,1
fällst,1
fällsn,1
schwitzend,1
fechterstellung,1
herrschaft,1
schuftig,1
ergänzen,1
aufrappelnd,1
bewaffnet,1
haltet,1
heldenschar,1
auszulugen,1
trompet,1
antwortend,1
hemd,1
hinten,1
billig,1
mast,1
nonne,1
nessel,1
begrabt,1
niederfällt,1
ersterbend,1
repräsentiert,1
schleifen,1
davonfließen,1
durchgefochten,1
gemeinheit,1
tötest,1
nottingham,1
lahm,1
zaunpfahl,1
müller,1
tuck,1
friar,1
flatternd,1
barbeinig,1
rohgeschnitzt,1
gebein,1
vergrub,1
vorgeschrieben,1
unfehlbar,1
fördern,1
hohlklingender,1
aufzukratzen,1
besiegeln,1
gekreuzt,1
räumen,1
totenschädel,1
fahne,1
wallend,1
seemannsstiefeln,1
langschaftig,1
wetterfest,1
braungebrannt,1
besessen,1
schmerzlich,1
fehlschlagen,1
grundfest,1
hosenträger,1
blitzartig,1
entledigen,1
voneinander,1
umher,1
niederfiel,1
umherzusuche,1
fortgeworfen,1
nutzlosigkeit,1
vertiefung,1
trichterartig,1
sandstelle,1
fehlgeschlagen,1
geglückt,1
erschüttern,1
papa,1
wiedergeben,1
mußen,1
herabhängen,1
ermatten,1
zieh,1
staunenerregend,1
arbeitende,1
besprechen,1
freiplatz,1
einzigste,1
zopf,1
kaput,1
hellen,1
anstalt,1
thronend,1
lehnstuhl,1
mütz,1
beeilen,1
tausch,1
rut,1
dienen,1
herumschwingen,1
karikatur,1
mastbaum,1
vordergrund,1
errichten,1
vergaß,1
korkzieherförmig,1
giebel,1
schief,1
verrenkung,1
idol,1
bewerkstelligen,1
pfirsich,1
herumsehen,1
grimas,1
schulsumme,1
flüster,1
gemischt,1
höchlichst,1
schachtel,1
verschloß,1
fortgekriegen,1
coonville,1
john,1
begräbst,1
fortzuziehen,1
kreuzweg,1
masse,1
frösche,1
dreimal,1
zahnlück,1
trittst,1
stumpf,1
hineinstecken,1
gelogen,1
baker,1
schweinsblase,1
respektabl,1
nimmst,1
gottloser,1
fortschleppen,1
rufst,1
wanz,1
baumwanze,1
aufpaßen,1
geschmissen,1
katz,1
hays,1
letztes,1
wenig,1
fürchtest,1
rückwärts,1
vaterunser,1
anschauen,1
schuppe,1
hopkin,1
seh,1
leichtigkeit,1
wegsteigen,1
zifferblatt,1
exerzitie,1
äquator,1
überschritt,1
entkommen,1
herumschubsen,1
senkrecht,1
gehege,1
sport,1
erbittert,1
unvernünftig,1
samstags,1
unzertrennlich,1
tiefstem,1
einschlagen,1
davonzubegeben,1
dankerfüllt,1
verschönen,1
drangsalieren,1
herumschlug,1
überlisten,1
davontragen,1
lebendige,1
pfui,1
anlangten,1
gäßchen,1
seitengasse,1
eingriff,1
tätig,1
auseinandersetzung,1
heruntergeschlichen,1
lagern,1
jubilieren,1
graden,1
sooo,1
anfassen,1
egal,1
dank,1
lechzen,1
ausgespreizt,1
eskortieren,1
erdteile,1
geographiestunde,1
gestümper,1
ehrenwert,1
jubel,1
spott,1
kreuzfeuer,1
emporziehend,1
küh,1
allzu,1
garstiger,1
handgemenge,1
lebst,1
lehren,1
flüstert,1
fächer,1
hereinbrechen,1
buchstabieren,1
wühln,1
silbe,1
zenith,1
purpurs,1
schimmernd,1
prangend,1
recken,1
prall,1
gesumse,1
lulln,1
studieren,1
fünfundzwanzig,1
schläfrigste,1
bewegungslos,1
schweiften,1
fesseln,1
festgerannen,1
fortgeschwemmen,1
glücksgefühl,1
exaltation,1
entmutigen,1
herumlungerten,1
pumpen,1
mulatt,1
verrichtung,1
unwürdigst,1
gal,1
buffalo,1
hocken,1
prügelten,1
erledigend,1
gestrichen,1
verglich,1
topf,1
bemächtigen,1
überblicken,1
bildfläche,1
zankt,1
anstelln,1
bestechungsversuch,1
expedition,1
arbeitstausch,1
plunder,1
selbsterfunden,1
heerschau,1
weltlich,1
kramen,1
dastand,1
spielgefährte,1
einhundertundfünfzig,1
planen,1
streiche,1
pantoffel,1
schreckensschrei,1
verführungskünst,1
schwanken,1
lessen,1
ruhevoll,1
träumerisch,1
gelobt,1
scheren,1
zerkratzen,1
rissen,1
verbissen,1
ineinander,1
zweipennystück,1
deuker,1
rat,1
aff,1
überragend,1
abgewinnen,1
anstarrend,1
herumschiebend,1
zurückstellen,1
stütze,1
scher,1
kampfstellung,1
klärn,1
kampfgewühl,1
reitend,1
fäust,1
duft,1
blühten,1
akazie,1
sprühend,1
sommermorge,1
haft,1
neutral,1
begnügen,1
antilope,1
zielen,1
reibend,1
schluchzend,1
schlagend,1
anbindest,1
traktierend,1
erkaufen,1
bens,1
fratz,1
nächst,1
brummeisen,1
buchstäblich,1
sackpfeif,1
anbieten,1
ratt,1
fisher,1
billy,1
verhöhnen,1
spielkanone,1
anlocken,1
unschuldige,1
übereinander,1
ausruhend,1
sonnenhitze,1
frohlockend,1
passiert,1
durchschauen,1
glasstöpsel,1
tanzend,1
fensterrahme,1
verfasser,1
philosoph,1
erreichbar,1
lüstern,1
buckelig,1
bankerott,1
gesellschafter,1
kaputt,1
zinnsoldat,1
orangeschal,1
hundehalsband,1
türgriff,1
messingn,1
kaninchen,1
feuerschwärmer,1
frosch,1
anstrichest,1
haf,1
herzlich,1
kommandobrücke,1
rad,1
tschschschuh,1
ermüden,1
nebenarme,1
hauptroute,1
überwachend,1
gebend,1
bemannung,1
besann,1
tiefgang,1
vertreten,1
bog,1
mäßigen,1
gegrunzt,1
melodiöses,1
knupperen,1
durchmesser,1
dar,1
linker,1
überholen,1
einzuwilligen,1
interessiert,1
bedächtig,1
knuppern,1
malerei,1
nennst,1
wässeren,1
kritik,1
überschauen,1
anstreicherei,1
ausströmen,1
dampf,1
schschen,1
schscht,1
pfeiler,1
schönst,1
beschnüffeln,1
umeinander,1
wundern,1
erzürnen,1
umschau,1
herdring,1
brauchbar,1
stilvoll,1
staatsbrille,1
gläser,1
unbeachtet,1
besen,1
herrschten,1
vorurteil,1
unwahrscheinlichst,1
seltsamst,1
unwissende,1
unmündig,1
psychologisch,1
niedergebeugt,1
ärger,1
schmeiß,1
verschwand,1
verdirbst,1
wille,1
ausfindig,1
kriech,1
leim,1
hole,1
kuckuck,1
bretterzaun,1
aufstöbern,1
wahrnehmend,1
dringend,1
bläuen,1
marmelad,1
marmelade,1
weinrank,1
spähte,1
kompliziert,1
einigermaßen,1
altersgenosse,1
german,1
verlag,1
transcribed,1
book,1
note,1
sadowski,1
jens,1
formats,1
february,1
charakteristisch,1
recently,1
october,1
daten,1
release,1
translator,1
author,1
title,1
otto,1
hendel,1
halle,1
saale,1
entsprechen,1
autor,1
vorwort,1
respectively,1
single,1
encoded,1
double,1
italic,1
changed,1
ha,1
t,1
u,1
d,1
e,1
p,1
verantworten,1
voller,1
narrensposs,1
geschwindmarsch,1
sommerabend,1
ungetrüben,1
gestirn,1
dorfstraß,1
harmonie,1
trick,1
ausüben,1
hervorgebracht,1
schwarzen,1
zungenschlag,1
triller,1
schmetternd,1
vogelartig,1
beruhen,1
negerbengel,1
tat,1
hört,1
fremder,1
bekanntschaft,1
werktag,1
blödsinn,1
feig,1
prahlhan,1
ohrfeige,1
herunterschlagen,1
aufhast,1
windhund,1
angehen,1
straßenjunge,1
äußere,1
geziertheit,1
rümpfen,1
herausforderen,1
naturmensch,1
enganliegend,1
woran,1
büßen,1
schwester,1
jüngerer,1
stahl,1
zuckerstückchen,1
suppe,1
keinerlei,1
phlegmatisch,1
zusammenlesen,1
halbbruder,1
spalten,1
staube,1
sägen,1
feiertag,1
stillzusitzen,1
strafen,1
schrift,1
weibgeboren,1
irgendwie,1
arglistig,1
verfänglich,1
locken,1
diplomatie,1
gehorsam,1
gebrannt,1
geschworen,1
abnehmen,1
übersehen,1
indizie,1
zuvorzukommen,1
wohlweislich,1
trockenheit,1
befühln,1
hattest,1
verschlagenheit,1
inquisitorisch,1
anschlag,1
durchsichtigen,1
freiwillig,1
tretmühle,1
kegelschiebe,1
sonntagslocke,1
schubsen,1
stand,1
bitterkeit,1
weibisch,1
niederzubürsn,1
verteilung,1
gleichmäßig,1
fleckenlos,1
verlieh,1
tadelloser,1
mache,1
nack,1
undurchdringlich,1
tuche,1
ehrenvoll,1
tropft,1
selbständig,1
zierlichkeit,1
durchnäßt,1
kirchenstühl,1
zeig,1
zuckerstange,1
sonntäglich,1
turm,1
fichten,1
vollgestopfen,1
dreihundert,1
hochlehnigen,1
hemdkrage,1
überredend,1
bestrich,1
widerwillen,1
sanftmütig,1
außerordentlich,1
strohhut,1
krönen,1
sammelnd,1
schämst,1
entreißen,1
mosaisch,1
aufbietung,1
einzutrichtern,1
bibelvers,1
lende,1
gebrauchen,1
gürtet,1
sinai,1
verbrämt,1
abzutrocknen,1
bestehenden,1
kräftigst,1
hausandacht,1
segensspruch,1
gelegentlich,1
bet,1
besichtigen,1
bergpredigt,1
zerstreuend,1
nebenbeschäftigung,1
überhören,1
krempelte,1
seife,1
seif,1
abrief,1
anzuschneiden,1
tischkant,1
behauptung,1
barlow,1
mindestens,1
taschenmesser,1
nagelneu,1
gewinn,1
ansporn,1
dickköpfig,1
himmelsreich,1
tauschobjekt,1
erhandelen,1
schwarm,1
spitz,1
sitten,1
sonntagsschulstimme,1
weltliche,1
charakter,1
aussehe,1
ernsthaft,1
ende,1
banknote,1
ziegenbart,1
krawatte,1
vorzustrecken,1
vorsprangen,1
mundwinkel,1
streifen,1
ober,1
stehkrag,1
hinausschauen,1
hielen,1
vögel,1
unterdrücktes,1
schneiten,1
knuffen,1
beklommenheit,1
ankömmling,1
schuldbewußt,1
letzterer,1
eisengrau,1
begrüßen,1
schwächerwerden,1
nagn,1
bravheit,1
folgsamkeit,1
wiederaufnahme,1
hierherzusetzen,1
kindergesichter,1
kurzgeschoren,1
fünfunddreißig,1
geputzter,1
aufsag,1
handeln,1
auswendig,1
gelben,1
umgetauscht,1
aufgesagt,1
bestätigung,1
stümpert,1
vorlauen,1
vortrag,1
musterklasse,1
verweis,1
stechen,1
vorder,1
bejahrt,1
würdiger,1
schlängelen,1
doréesch,1
abkunft,1
dreitausend,1
hergesagen,1
solo,1
konzert,1
sänger,1
notwendig,1
stapel,1
gewohnt,1
sonntagsschullehrer,1
psalter,1
sehnter,1
ehrentage,1
erlangung,1
gesetzt,1
blähen,1
vortreten,1
idiot,1
talglicht,1
schlafengehen,1
mont,1
leiten,1
formierten,1
kolonne,1
festsetzen,1
austauschen,1
schlacht,1
hartnäckig,1
unterführer,1
kommandieren,1
blauäugig,1
anführer,1
rendezvous,1
truppe,1
kuhstall,1
allee,1
schlammig,1
häuserblock,1
zurückmarschiert,1
hellem,1
fensterscheib,1
belohnen,1
stiefmütterchen,1
betreten,1
stieß,1
verweilen,1
spreizen,1
jungensmanier,1
glücklichste,1
gegenliebe,1
sommerkleid,1
geseufzt,1
neigung,1
unbeständig,1
verstoßen,1
ruhmreich,1
hösche,1
gesticken,1
umgehen,1
auseinandergesetzen,1
verrat,1
sommerluft,1
mehrfach,1
beteuerung,1
ungenieren,1
hinaufgeschoben,1
korbe,1
eingenicken,1
blumenduft,1
balsamisch,1
erleichtern,1
handarbeit,1
dienend,1
präsentieren,1
viererzug,1
engländer,1
besteigen,1
blanc,1
farbschicht,1
abbekommen,1
kompliment,1
hinzufügen,1
durchzugehen,1
geschoß,1
eilen,1
hagelwetter,1
erdklumpe,1
hinterraum,1
hinaufklettern,1
außentreppe,1
betrügerei,1
veredele,1
getan,1
hinweis,1
hervorsuchen,1
auserwählt,1
spätestens,1
herzu,1
größt,1
zurückwerfen,1
durchmachen,1
greifbar,1
ausschmücken,1
ausmalen,1
erwärmen,1
schlingen,1
selbstbemitleidung,1
zerknittern,1
eintönigkeit,1
blinzelen,1
gegenden,1
herumzutreiben,1
hereinbrachen,1
hereinhüpfen,1
cousine,1
außenwelt,1
troff,1
angebetet,1
stocke,1
heiligen,1
erkletteren,1
klirren,1
fluch,1
durchsausten,1
wurfgeschoß,1
schüttelnd,1
prustend,1
überrest,1
entweihten,1
mißtönend,1
dienstmädchen,1
mitleidig,1
todesschweiß,1
falten,1
buschwerk,1
bahnen,1
herabrann,1
schrauben,1
drehend,1
schlägst,1
hereinkommen,1
zaume,1
zerbrach,1
glitten,1
selbstüberhebung,1
unverletzlichkeit,1
aufpaßte,1
schelte,1
mißhandeln,1
beschießung,1
notiz,1
anbrach,1
herumspazieren,1
bewanderen,1
bauche,1
hüpfte,1
scherbe,1
zornesblitze,1
zappelen,1
drohend,1
wiederzugeben,1
erstarrt,1
steifen,1
bettelnd,1
verzeihend,1
händeringend,1
ruhten,1
liebevoll,1
dergleichen,1
verkroch,1
disziplin,1
zugeständnis,1
versöhnend,1
liebevolle,1
wofür,1
kriegsgerat,1
fragend,1
treuherzig,1
herumschlendernd,1
depression,1
überlaufe,1
niedergedrücken,1
schubsten,1
gegeneinander,1
zusammentrieb,1
hinüberzuschauen,1
krampf,1
verfliegen,1
schutzmittel,1
knöchel,1
klapperschlangenschnur,1
mitmachen,1
hierauf,1
schwammen,1
posten,1
begeisterungssturm,1
kriegsliste,1
aufsammeln,1
draus,1
waten,1
illinoisufer,1
fortfuhr,1
trotzig,1
schreibabie,1
auslachen,1
heimkommsen,1
aufsehend,1
fehl,1
sprech,1
bleibn,1
muttersöhnchen,1
wolltst,1
stochernd,1
sande,1
entmutigend,1
stolzest,1
ähnlichkeit,1
trikot,1
theatralisch,1
schildkröteneier,1
sechzehntes,1
fischzug,1
schattig,1
hermachten,1
bestehend,1
tretend,1
eigentum,1
fleischfarbig,1
geschreibsel,1
übergießen,1
anstellen,1
nachforschung,1
beute,1
legitim,1
somit,1
ei,1
rund,1
walnuß,1
köstlich,1
bedeckn,1
ausgetobt,1
verwandelen,1
ducken,1
stärkst,1
spritzer,1
heranschlichen,1
zukehrend,1
flach,1
spritzen,1
spülen,1
anlaufend,1
strand,1
purzelbäum,1
eigericht,1
zerstreuten,1
kummervoll,1
flußwasser,1
grolle,1
windstoß,1
verwickelnd,1
klatschend,1
regentropfe,1
wirbelnd,1
aufgehäuft,1
lufthauch,1
polternd,1
verschlingend,1
entsetzt,1
zauberhaft,1
vorübergegangen,1
kühlung,1
schwand,1
horchend,1
atmosphäre,1
wipfel,1
prasselen,1
wartet,1
erträglich,1
schaum,1
wogende,1
beugend,1
schattenlos,1
grelles,1
losgerissen,1
klammer,1
suchten,1
durchnässender,1
nacheinander,1
verschlangen,1
dröhnend,1
schrien,1
fegen,1
orkan,1
tobend,1
reglos,1
matte,1
schwüle,1
feuereifer,1
schokoladezigarr,1
neuling,1
gefallen,1
fischschmaus,1
opulent,1
genialität,1
fabelhaft,1
auskunftsmittel,1
drückende,1
entschuldigung,1
plausibel,1
ausbrachen,1
wahres,1
pointe,1
mürrisch,1
auszukramen,1
männlich,1
streckn,1
paffen,1
bissel,1
siebzehntes,1
nachtessen,1
beschwerde,1
helf,1
fieberhaft,1
beider,1
aufschlucken,1
ergüs,1
gelangt,1
überschwemmung,1
entleeren,1
pore,1
ausspucke,1
wißt,1
umschmeißen,1
steuern,1
einschließen,1
schließend,1
kanone,1
ausschicken,1
wichtigkeit,1
besprechung,1
kopfschüttelt,1
wenigste,1
quecksilber,1
laibe,1
turner,1
erleuchtet,1
gespitzt,1
lauschende,1
wölkchen,1
dampfwolke,1
vorhaten,1
verdeck,1
büsch,1
gäb,1
beweinen,1
welk,1
piratenspiele,1
rückkehr,1
schwunden,1
umhüllen,1
anzustellen,1
vermutung,1
überschwang,1
hereinbrach,1
gesprächsthema,1
ihretwegen,1
vermißter,1
bedauern,1
nutzloses,1
handlung,1
unfreundlich,1
anklagend,1
vergießen,1
zugewandt,1
wahrnehmung,1
wanduhr,1
goldklar,1
barsch,1
forelle,1
angel,1
bat,1
versüssen,1
konstatieren,1
eichenrinde,1
heißhungrig,1
schämn,1
lagerplatz,1
brücke,1
fortgetrieben,1
wasserwüste,1
majestätisch,1
empfanden,1
stürmt,1
brieen,1
würze,1
freie,1
zutat,1
treppenstuf,1
versanken,1
rückkehrten,1
zweihundert,1
kanal,1
viertelmeil,1
gefielen,1
lichtung,1
geschmückt,1
bewachsen,1
schlingpflanzen,1
könige,1
wirr,1
vermodert,1
pfeifchen,1
gleichmütig,1
wankelmütige,1
demütig,1
sorg,1
widerstand,1
theatereffekt,1
wiederkunft,1
hervorzukommen,1
verzeihn,1
einreißen,1
anhänglich,1
fortgegossen,1
gespenstergeschicht,1
milch,1
runterhauen,1
selbstlos,1
auflegen,1
unfug,1
dasein,1
unbesonnen,1
verhieln,1
andeutung,1
zusammengereimt,1
davongefahren,1
bisweilen,1
leidenschaftlich,1
eindringlich,1
herzensgrund,1
herzenslust,1
verwaist,1
umarmten,1
abmarsch,1
rüsten,1
schwimmer,1
erfolglos,1
einbruch,1
missouriküste,1
anlangen,1
unterwärts,1
verschnauften,1
flackeren,1
erklärung,1
marbel,1
hinauskletteren,1
niedrig,1
rückzulegen,1
wat,1
zuwatend,1
fünfzehnt,1
hörweite,1
federharz,1
durchkriechen,1
klumpe,1
eigentümer,1
beobachtend,1
dunkelen,1
empörung,1
heimwehs,1
odium,1
baumrinde,1
wohlgeborgen,1
liegend,1
funkelnd,1
kräftig,1
drücker,1
schwatzend,1
zusammengedrängen,1
wohnzimmerfenster,1
spähten,1
belebt,1
herumstreichend,1
gleiten,1
fahrzeug,1
stoppen,1
fahrt,1
reise,1
abzustoßen,1
blechern,1
weißgefärben,1
felsenufer,1
modern,1
ausschmückend,1
back,1
geselln,1
unempfänglich,1
anzubinden,1
herauszogen,1
fruchtbaren,1
abschweifung,1
aufblasen,1
schulmädche,1
wortreich,1
fortgegeben,1
sonnenverbrannt,1
fortwesen,1
gleichalterige,1
menagerie,1
elefant,1
umhertrippelen,1
herumzuschubsen,1
einladen,1
davonzugeh,1
peters,1
miß,1
saßesen,1
böses,1
austin,1
ausgelassenheit,1
vorsatz,1
stechend,1
ausstoßen,1
plauderen,1
angelegentlich,1
sehnsuchtsvollen,1
aufsetzen,1
arrogant,1
eitelkeit,1
hinüberschieln,1
trommler,1
dulden,1
kleinere,1
weggeschütten,1
fielsn,1
leichenfeier,1
schwatzten,1
erzähltest,1
leuchtetest,1
zanken,1
sehergabe,1
gehaun,1
dahinschlendern,1
fingst,1
eh,1
überklug,1
gespannt,1
besinn,1
verschwommen,1
träumtest,1
weinten,1
betetest,1
sahsten,1
dalagst,1
geziemt,1
tollen,1
welch,1
durchsichtig,1
unglaube,1
eingehen,1
fröhlichkeit,1
pfad,1
güte,1
barmherzig,1
langmütig,1
wiederbekommen,1
wiedergefund,1
vergeb,1
schliefst,1
närrisch,1
sally,1
regenwolk,1
demütigen,1
rechtschreibebuch,1
riskieren,1
einzubrocken,1
aufstieg,1
auslassen,1
zorn,1
beleidigen,1
verbrochen,1
zwanzigstes,1
wundernd,1
fortscherst,1
beruhig,1
nebenher,1
trotten,1
famoses,1
gehör,1
zank,1
langen,1
händeklatsche,1
betrügen,1
küß,1
seufztest,1
küßtesen,1
verderben,1
handeltesen,1
fortliefst,1
ersparen,1
pläsier,1
verdrießlichst,1
mittelmäßig,1
genial,1
gerissenheit,1
ließen,1
herausbekommen,1
ziehn,1
versprechend,1
geistesabwesenheit,1
abzukühlen,1
triumphgefühl,1
bänkch,1
hervorstammeln,1
gelähmt,1
ehrentitel,1
narr,1
versöhnung,1
rann,1
bilderbuch,1
überlegenheit,1
reihen,1
selbstzufriedenheit,1
jubelnder,1
schäkerei,1
rachsüchtig,1
erklingen,1
forziert,1
erzählend,1
hinterseite,1
verhaßt,1
weiden,1
lebend,1
beendigen,1
zufriedenheit,1
puffend,1
herumfuchtelnd,1
wonne,1
kerlchen,1
vornehmer,1
heilige,1
knirschend,1
zähn,1
arglos,1
verrann,1
erledigen,1
allerlei,1
schützen,1
bequemt,1
holzkiste,1
säßet,1
friedenspfeife,1
indianerstämme,1
stolzer,1
verbrachn,1
errungenschaft,1
unannehmlichkeit,1
fortgehe,1
unbefangenheit,1
miteinander,1
hingeschlachtet,1
friedensbrot,1
hindernis,1
tausendweise,1
aufeinander,1
kriegsgeschrei,1
stamm,1
zebras,1
skalpiern,1
prahlen,1
mittwochnacht,1
besprachen,1
lich,1
überlief,1
steh,1
vermißt,1
vorausseher,1
ausspruch,1
nebensächlich,1
spielkamerad,1
achtzehnt,1
haufe,1
niederflossen,1
schlucken,1
messingknopf,1
einwohner,1
zerstreut,1
herzugehen,1
begeistern,1
piratenspielen,1
frohsinn,1
beispiellos,1
beschützerin,1
eingeschüchtern,1
friede,1
tönend,1
naturkräfte,1
ausgetoben,1
heimatlos,1
ängstigend,1
erzielen,1
unbeschreiblich,1
schmetter,1
explosionsähnlich,1
ohrenzerreißender,1
unterholz,1
baumriese,1
erliegen,1
zerschmetteren,1
katastrophe,1
durchnäßen,1
herumtreiber,1
schwimme,1
vermochen,1
übellaunig,1
überwältigen,1
trockneen,1
entfachen,1
umgestürzt,1
glimmen,1
handbreit,1
fortgepflanzen,1
jammern,1
verfroren,1
durchweichen,1
vorsichtsmaßregel,1
ihresgleich,1
boen,1
erhärten,1
feststellen,1
bewillkommnet,1
püff,1
hinausströmen,1
triumphierender,1
singt,1
lobet,1
halse,1
wegstehlen,1
danksagungen,1
augenpaar,1
überschüttend,1
küsse,1
wiederauferstanden,1
zuhören,1
wandelnd,1
ruin,1
heraufgeschlenderen,1
küs,1
neunzehntes,1
piratenbrüder,1
grabrede,1
reuevoll,1
zeigtest,1
schmeichelt,1
gräm,1
rüberkommen,1
baumstamme,1
verstocken,1
machten,1
trübsal,1
zerbrochener,1
geschlichen,1
gäßche,1
hinübergeschwommen,1
missouriufer,1
anhören,1
seinigen,1
angedonnert,1
betreffend,1
dorfbewohner,1
ehrfurchtsvoll,1
harpersch,1
begaben,1
gotteshause,1
wispernd,1
bleibend,1
vorhalle,1
vermischen,1
strömend,1
sinnend,1
klingeln,1
austauschend,1
vergänglich,1
beachten,1
angestaunt,1
geheiligt,1
leidtragende,1
sanftmut,1
lebenswandel,1
durchgänger,1
vereinigen,1
selbstanklagend,1
chorus,1
tränenreich,1
fortschreiten,1
ochsenziemer,1
spitzbubenstreich,1
zutrugen,1
edelmütig,1
sanft,1
verschwundener,1
manch,1
fehler,1
porträt,1
einbildend,1
flatterten,1
schmetterlinge,1
sonnenlicht,1
sünder,1
rachegefühl,1
entlassung,1
besserung,1
bezug,1
ruinieren,1
vergoß,1
tiefste,1
abgewandten,1
schwänzen,1
tadel,1
gelaunt,1
schnarchend,1
beglückwünschend,1
schlieefen,1
schlafzimmerfenster,1
küchenherd,1
aufkommen,1
belasten,1
belastend,1
alarmieren,1
ausgerissen,1
wassergrabe,1
verspätet,1
rekognoszieren,1
schullehrer,1
telegraphisch,1
telegraphe,1
elftes,1
unempfindlich,1
überlaufen,1
gefäß,1
verschleiert,1
wickeln,1
augenschein,1
steigern,1
verziehen,1
fiel,1
herumheulen,1
köter,1
quetsche,1
zeremonie,1
häufen,1
vergruben,1
f,1
h,1
benutzen,1
anfangsbuchstabe,1
blutstropfen,1
herrje,1
daumen,1
aufschwellen,1
gift,1
glanzvoll,1
oter,1
plautern,1
jemalls,1
zauberformeln,1
bindend,1
niederfallen,1
versteinernd,1
nachtluft,1
verabschieden,1
geborsten,1
leiber,1
grunzen,1
knack,1
schnarchende,1
fußspitz,1
vorbehalt,1
vorangehen,1
abenteuerlust,1
pop,1
schweinegrunz,1
erbarmungswürdig,1
wispert,1
träge,1
urteilsspruch,1
ausnutzen,1
lockeren,1
beschauer,1
auffrischen,1
totenschau,1
abschaffen,1
gemütsverstimmung,1
hinlegen,1
laueren,1
bandage,1
auffallend,1
öfteren,1
simulieren,1
ängstigt,1
verschütten,1
erbleichen,1
erhältst,1
lenken,1
führer,1
entging,1
reiter,1
dörfler,1
vorläufig,1
rauferei,1
geständnis,1
vorsichtigerweise,1
unterlassen,1
übernehmen,1
prozeß,1
geschenk,1
abneigung,1
wärter,1
sumpfe,1
halbverfallen,1
hineinzuschmuggeln,1
annehmlichkeite,1
passt,1
spielerei,1
fortzuschaffen,1
ermordete,1
ansichtig,1
leichenräuber,1
hindurchgeschritten,1
umstehenden,1
frechheit,1
teuflische,1
zweifelnd,1
seht,1
erschauert,1
lehre,1
belauern,1
antriebs,1
unerklärlich,1
schrecklichen,1
anderswohin,1
herzeleid,1
ausgesanden,1
himmelsrichtunge,1
sichtbarst,1
hilflosigkeit,1
versprachst,1
umgefallen,1
böten,1
bezaubert,1
unheimlichst,1
bestärken,1
pakt,1
hervorbrechen,1
lichtstrahl,1
stöhnt,1
konnt,1
liefst,1
einlassen,1
verschreiben,1
heil,1
erstatten,1
müd,1
wech,1
auff,1
dahr,1
zahllos,1
vorhaben,1
bestie,1
trunkenbold,1
erbärmlich,1
besoff,1
ruh,1
lichtstreifen,1
blendlatern,1
grunzten,1
altertümlich,1
teufelsspuk,1
stimmengewirr,1
schlechte,1
hergekommen,1
raunen,1
verarbeitend,1
hurtig,1
abluden,1
wolen,1
festgebunden,1
vorgehaben,1
vertreiben,1
nähernd,1
voraus,1
fünfer,1
beinsäger,1
überhängend,1
eingehüllen,1
herausgeschoben,1
daraufgelegen,1
herbeiholen,1
schubkarren,1
grell,1
brutal,1
deckel,1
niedergesetzt,1
beklemmung,1
hust,1
neugeschaufelt,1
zirpe,1
anprall,1
aufreißen,1
katzengeheul,1
halbbewußt,1
erschauern,1
totenkäfer,1
grille,1
wiederholend,1
verhalten,1
aufwecken,1
nerv,1
verzweifeln,1
ungeduld,1
eingeschlafen,1
lebenszeit,1
verlust,1
rückwand,1
ermuntern,1
vier,1
anbaues,1
störung,1
säuselen,1
findend,1
anhalt,1
holzkreuze,1
wurmstichig,1
geschnitzt,1
grabstein,1
gottesacker,1
aufrecht,1
außen,1
innen,1
althergebracht,1
miauten,1
spaziergang,1
nander,1
abrechnen,1
einsperren,1
schützend,1
abermalig,1
überhauen,1
kirchturm,1
hätben,1
brüteten,1
angenommen,1
gehenktwerden,1
förmlich,1
eingebunden,1
äußersn,1
atemhol,1
abgerissen,1
gerberei,1
erwacht,1
belle,1
verfolgern,1
abzuschneiden,1
hochhalen,1
alltäglich,1
nachlaufen,1
schwöhr,1
zeile,1
freilassen,1
haarstrichen,1
klemmen,1
hervorhebend,1
grundstrich,1
schwerfällig,1
kritzelen,1
bescheinen,1
stückchen,1
geschliffen,1
ganz,1
schriftliche,1
verrannen,1
aufgebrochen,1
hasenfuß,1
dachtest,1
lauernd,1
regungslos,1
hervorkommen,1
verhüllen,1
färbend,1
blute,1
heft,1
freimachen,1
katzengleich,1
regelrecht,1
umkrei,1
glühen,1
zerstampfend,1
ringend,1
raufbold,1
herumgefuchteln,1
indianerblut,1
liegende,1
unverständliches,1
stich,1
verflessen,1
hierhin,1
fortkommsen,1
beschwörend,1
partei,1
geprügelt,1
bezeugen,1
klotz,1
stießeen,1
hobst,1
wanktest,1
fielst,1
raufen,1
nüchtern,1
aschfahl,1
grob,1
zwölftes,1
abgezogen,1
herumstrich,1
fortzudenken,1
floße,1
borgen,1
wandern,1
zweihunderen,1
vorkehrung,1
hinübersenden,1
befriedigt,1
gesichtskreise,1
bergen,1
entgegengehend,1
sehend,1
angesicht,1
furchtlos,1
wunsche,1
kreuzen,1
lichtbeschienen,1
spannen,1
ziemt,1
ziehend,1
waldtempel,1
respekt,1
anfahren,1
prasselnd,1
grase,1
eßbaren,1
schinkenkruste,1
laubwerk,1
baumsäul,1
kochn,1
schmausen,1
eiland,1
unentdeckt,1
jungfräulich,1
mitgebracht,1
bratpfanne,1
abendessa,1
lichtpunkt,1
wärts,1
brass,1
tabakblätt,1
angriffen,1
dolchstöße,1
markiert,1
innehaltend,1
sagend,1
fackel,1
kaute,1
quantität,1
schote,1
kessel,1
ausgerenken,1
hierherschleppe,1
speckseite,1
wertvoll,1
schwierigkeit,1
anregung,1
schiffer,1
seeräubermäßig,1
kommandierend,1
hinterteil,1
marssegel,1
vortopmarssegel,1
bramsegel,1
klüversegel,1
toppsegel,1
hauptsegel,1
dahintrieben,1
abgefall,1
abfallen,1
tüch,1
laviert,1
verschränkt,1
lichtbeschien,1
sitzend,1
vorn,1
täte,1
tabakblätter,1
binsenrohr,1
abschüttelnden,1
raupe,1
maßnehmend,1
weiterkriechend,1
herumschnüffelnd,1
erhebend,1
bedecktes,1
kriechtier,1
grauton,1
tautropfe,1
erhelln,1
hämmern,1
antworteten,1
streife,1
dünn,1
feuerstelle,1
schicht,1
einschlug,1
gekrümmt,1
aufgerichtet,1
losmarschiern,1
leichtgläubigkeit,1
kinderchen,1
gelassen,1
flieg,1
käferch,1
kraxelen,1
gefleckt,1
braun,1
baumstrunk,1
fünfmal,1
spinne,1
schleppt,1
ameise,1
piratenuniform,1
antreten,1
gräser,1
lautlosigkeit,1
rauchwolk,1
einsilbig,1
speziell,1
abirren,1
niederzuknien,1
abendgebet,1
gerecht,1
entfallen,1
augenlid,1
anständiger,1
vierzehntes,1
anfang,1
abenteuerlebe,1
trösteen,1
begeisterung,1
bewachen,1
behagen,1
ausschweifendst,1
herabbeschwören,1
störenfried,1
auftreten,1
fortzulaufen,1
schlummer,1
inkonsequent,1
waffenstillstand,1
brandmarken,1
seeräubereie,1
verbot,1
vollgültig,1
wertgegenstände,1
speckseit,1
forttragen,1
äpfelstehlen,1
mager,1
äpfel,1
zuckerwerk,1
selbstquälerei,1
ermangelen,1
mitleidenschaft,1
kriegspielen,1
mittelche,1
kommend,1
wilderes,1
beschränken,1
methode,1
wasserkur,1
flüssig,1
ordnen,1
quacksalberisch,1
lebensweise,1
krug,1
aufnahmefähigkeit,1
versetzen,1
haferschleimpflastern,1
ziehenden,1
leblos,1
sturzbäd,1
aufzuwachen,1
nachgerade,1
abhang,1
umwerfend,1
willen,1
hinwegschauend,1
brillengläser,1
grenzenloses,1
zurückgeworfen,1
sinnlos,1
anrichtend,1
möbel,1
anstrengend,1
riesensatz,1
schmerzenztöt,1
vorwurf,1
bettelen,1
schnurrend,1
bodenritze,1
trüben,1
gießbäder,1
bäder,1
niedergeschlagener,1
gedruckt,1
zubettgehen,1
ventilation,1
abhandlunge,1
unwissenheit,1
evangelium,1
betrug,1
wissenschaftlich,1
sämtlich,1
por,1
abonnentin,1
branche,1
neuem,1
unermüdlich,1
heilmethod,1
erfunden,1
reife,1
kleidung,1
widerriefen,1
empfehlen,1
zeitschrift,1
schmutzfleck,1
fegfeuer,1
zurücktransportieren,1
feile,1
handtuche,1
sintflut,1
herausholen,1
frühe,1
wasserbehandlung,1
genesung,1
metapher,1
hölle,1
fahl,1
riten,1
waffnen,1
list,1
tischdecke,1
henkel,1
verbrecherleben,1
bekümmern,1
seeräuberei,1
dickichtartig,1
heimatlich,1
rendezvouzplatz,1
breite,1
vorziehen,1
stroh,1
lieblos,1
eremit,1
erlösen,1
kümmerniss,1
bund,1
weiterschlichen,1
fühllos,1
züchtigen,1
verbinden,1
lieblingsstund,1
haken,1
proviant,1
heisere,1
losung,1
lieblingsbücher,1
erwidern,1
signal,1
pfiff,1
ozean,1
sternklar,1
überschauend,1
zusammenkunft,1
mitteilung,1
auszustreuen,1
gerücht,1
verschaffen,1
unauffällig,1
behandlung,1
grausamer,1
hansnarr,1
hoffend,1
purzelbaum,1
setzend,1
risiko,1
sprung,1
hoffnungslosen,1
inhaberin,1
wehend,1
herzlos,1
herauszustottern,1
auszuholen,1
ärgerst,1
rumlaufen,1
schelmerei,1
nützen,1
rausgerösten,1
gedärme,1
heroisch,1
verrichtend,1
schielend,1
schauten,1
trocknend,1
herzensfreund,1
lockend,1
schulglock,1
wahl,1
äußersten,1
freundlose,1
verantwortlich,1
dreizehntes,1
zermalmen,1
pa,1
rümpfend,1
näschen,1
umstoßend,1
auseinandersprengend,1
hear,1
